start,end,duration_h,peak_score,impact_kwh,kind,detector,max_agreement,confidence,category
2019-01-02 12:00:00-07:00,2019-01-02 13:00:00-07:00,2,,32.13560734458831,overhead_excess,overhead_residual,1,low,operational
2019-01-02 22:00:00-07:00,2019-01-03 11:00:00-07:00,14,,-301.9356636436348,overhead_deficit,overhead_residual,1,medium,operational
2019-01-03 14:00:00-07:00,2019-01-04 08:00:00-07:00,19,,392.43108729941366,overhead_excess,overhead_residual,1,medium,operational
2019-01-04 12:00:00-07:00,2019-01-05 02:00:00-07:00,15,,343.3990111814722,overhead_excess,overhead_residual,1,medium,operational
2019-01-05 06:00:00-07:00,2019-01-07 13:00:00-07:00,56,,1288.062223731324,overhead_excess,overhead_residual,1,medium,operational
2019-01-08 13:00:00-07:00,2019-01-12 17:00:00-07:00,101,,-2228.0359946677404,overhead_deficit,overhead_residual,1,medium,sustained_change
2019-01-15 17:00:00-07:00,2019-01-15 17:00:00-07:00,1,0.8895365420920744,15.60276119893446,overhead_excess,overhead_residual,1,low,operational
2019-01-25 09:00:00-07:00,2019-01-25 13:00:00-07:00,5,7.121424617533376,-136.18003937244197,overhead_deficit,overhead_residual,1,medium,operational
2019-02-13 12:00:00-07:00,2019-02-13 14:00:00-07:00,3,4.22612546451465,-39.24279129901362,overhead_deficit,overhead_residual,1,medium,operational
2019-02-15 12:00:00-07:00,2019-02-15 13:00:00-07:00,2,6.733325965931187,-35.372244561060214,overhead_deficit,overhead_residual,1,low,operational
2019-04-15 11:00:00-06:00,2019-04-15 14:00:00-06:00,4,5.105312782436971,65.84750005704102,overhead_excess,overhead_residual,1,medium,operational
2019-04-22 08:00:00-06:00,2019-04-22 08:00:00-06:00,1,4.618825867599713,13.43579199008893,overhead_excess,overhead_residual,1,low,operational
2019-04-28 15:00:00-06:00,2019-04-28 15:00:00-06:00,1,,19.7476581067081,overhead_excess,overhead_residual,1,low,operational
2019-04-29 09:00:00-06:00,2019-04-29 15:00:00-06:00,7,,194.13000420927642,overhead_excess,overhead_residual,1,medium,operational
2019-05-08 11:00:00-06:00,2019-05-08 12:00:00-06:00,2,4.6337216509015615,685.5693289483868,load_spike,load_change,1,low,operational
2019-05-10 06:00:00-06:00,2019-05-10 06:00:00-06:00,1,4.2722730891417795,361.17556176227754,load_spike,load_change,1,low,operational
2019-05-12 13:00:00-06:00,2019-05-12 13:00:00-06:00,1,4.0055498391458775,338.5797093203637,load_spike,load_change,1,low,operational
2019-05-23 06:00:00-06:00,2019-05-23 12:00:00-06:00,7,10.645486888279274,-4421.886275522124,load_drop,load_change,1,medium,operational
2019-05-26 22:00:00-06:00,2019-05-27 06:00:00-06:00,9,5.994699090601359,-5033.225874534092,load_drop,load_change,2,high,operational
2019-05-26 22:00:00-06:00,2019-05-27 06:00:00-06:00,9,,-214.40792505997794,overhead_deficit,overhead_residual,2,high,operational
2019-06-08 12:00:00-06:00,2019-06-08 12:00:00-06:00,1,,16.102314814814825,overhead_excess,overhead_residual,1,low,operational
2019-06-17 14:00:00-06:00,2019-06-17 14:00:00-06:00,1,,16.590693779904313,overhead_excess,overhead_residual,1,low,operational
2019-06-19 23:00:00-06:00,2019-06-20 06:00:00-06:00,8,,-148.3229715728837,overhead_deficit,overhead_residual,2,high,operational
2019-06-20 06:00:00-06:00,2019-06-20 06:00:00-06:00,1,4.008662183485457,-468.4554512127231,load_drop,load_change,2,high,operational
2019-06-27 15:00:00-06:00,2019-06-27 16:00:00-06:00,2,,39.155841935704046,overhead_excess,overhead_residual,1,low,operational
2019-07-01 12:00:00-06:00,2019-07-01 17:00:00-06:00,6,,177.5316863574762,overhead_excess,overhead_residual,1,medium,operational
2019-07-04 16:00:00-06:00,2019-07-04 18:00:00-06:00,3,,84.3828398015824,overhead_excess,overhead_residual,1,medium,operational
2019-07-05 17:00:00-06:00,2019-07-05 18:00:00-06:00,2,3.7162446716830955,44.4372141368988,overhead_excess,overhead_residual,1,low,operational
2019-07-13 14:00:00-06:00,2019-07-13 17:00:00-06:00,4,10.724472166552843,110.47931885586934,overhead_excess,overhead_residual,1,medium,operational
2019-07-15 13:00:00-06:00,2019-07-15 17:00:00-06:00,5,12.448962572027026,126.18624746038903,overhead_excess,overhead_residual,1,medium,operational
2019-07-16 12:00:00-06:00,2019-07-16 12:00:00-06:00,1,6.285445017062498,20.818750974582294,overhead_excess,overhead_residual,1,low,operational
2019-07-20 12:00:00-06:00,2019-07-20 17:00:00-06:00,6,14.711355479612662,203.32497576592337,overhead_excess,overhead_residual,1,medium,operational
2019-07-21 13:00:00-06:00,2019-07-21 21:00:00-06:00,9,12.974265628724533,278.4603143133427,overhead_excess,overhead_residual,1,medium,operational
2019-07-22 00:00:00-06:00,2019-07-22 06:00:00-06:00,7,6.657126873430414,127.93927182430085,overhead_excess,overhead_residual,1,medium,operational
2019-07-22 13:00:00-06:00,2019-07-22 16:00:00-06:00,4,5.634534663051746,69.90691584464238,overhead_excess,overhead_residual,1,medium,operational
2019-07-23 15:00:00-06:00,2019-07-23 15:00:00-06:00,1,4.358220626401539,15.30578896591922,overhead_excess,overhead_residual,1,low,operational
2019-07-26 22:00:00-06:00,2019-07-29 08:00:00-06:00,59,5.524505066710248,-51740.1434587059,load_drop,load_change,1,medium,operational
2019-07-29 15:00:00-06:00,2019-07-29 19:00:00-06:00,5,6.949862815180388,92.52626466147262,overhead_excess,overhead_residual,1,medium,operational
2019-07-30 09:00:00-06:00,2019-07-30 09:00:00-06:00,1,4.008424511534701,13.896564984218578,overhead_excess,overhead_residual,1,low,operational
2019-07-30 11:00:00-06:00,2019-07-30 14:00:00-06:00,4,10.022439191956362,90.05838970465851,overhead_excess,overhead_residual,1,medium,operational
2019-07-31 09:00:00-06:00,2019-07-31 09:00:00-06:00,1,4.434567204486798,15.310865509213649,overhead_excess,overhead_residual,1,low,operational
2019-07-31 18:00:00-06:00,2019-07-31 18:00:00-06:00,1,4.215924070890464,14.281045580034558,overhead_excess,overhead_residual,1,low,operational
2019-08-07 16:00:00-06:00,2019-08-11 02:00:00-06:00,83,4.973925521061514,41133.31807913351,load_spike,load_change,2,high,sustained_change
2019-08-08 11:00:00-06:00,2019-08-08 13:00:00-06:00,3,7.261332822705968,59.25247890923558,overhead_excess,overhead_residual,2,high,operational
2019-08-08 15:00:00-06:00,2019-08-08 20:00:00-06:00,6,6.530045313710886,116.69874527594763,overhead_excess,overhead_residual,2,high,operational
2019-08-09 18:00:00-06:00,2019-08-09 19:00:00-06:00,2,9.585735941006783,61.04681133022158,overhead_excess,overhead_residual,2,high,operational
2019-08-20 18:00:00-06:00,2019-08-20 19:00:00-06:00,2,,40.3951447368421,overhead_excess,overhead_residual,1,low,operational
2019-08-21 13:00:00-06:00,2019-08-21 14:00:00-06:00,2,,35.48456084656083,overhead_excess,overhead_residual,1,low,operational
2019-08-22 13:00:00-06:00,2019-08-22 13:00:00-06:00,1,,15.40816666666666,overhead_excess,overhead_residual,1,low,operational
2019-09-03 15:00:00-06:00,2019-09-03 15:00:00-06:00,1,4.591841883453106,14.054158537333471,overhead_excess,overhead_residual,1,low,operational
2019-09-06 13:00:00-06:00,2019-09-06 19:00:00-06:00,7,,218.1740654075282,overhead_excess,overhead_residual,1,medium,operational
2019-09-12 07:00:00-06:00,2019-09-12 09:00:00-06:00,3,4.511746743068084,-30.153899615536048,overhead_deficit,overhead_residual,1,medium,operational
2019-09-12 12:00:00-06:00,2019-09-12 15:00:00-06:00,4,4.665211408278669,-41.401234855214064,overhead_deficit,overhead_residual,1,medium,operational
2019-09-13 05:00:00-06:00,2019-09-13 07:00:00-06:00,3,4.539633110922148,-31.3181235545431,overhead_deficit,overhead_residual,1,medium,operational
2019-09-26 14:00:00-06:00,2019-09-26 14:00:00-06:00,1,6.479517053259767,14.637549557430624,overhead_excess,overhead_residual,1,low,operational
2019-09-27 21:00:00-06:00,2019-09-28 15:00:00-06:00,19,13.934591331554623,-16267.509771782612,load_drop,load_change,1,medium,operational
2019-09-30 23:00:00-06:00,2019-10-01 10:00:00-06:00,12,5.752940010319369,-3933.589259844055,load_drop,load_change,1,medium,operational
2019-10-01 17:00:00-06:00,2019-10-02 12:00:00-06:00,20,9.19801320348131,-9049.711634256802,load_drop,load_change,1,medium,operational
2019-10-02 14:00:00-06:00,2019-10-03 03:00:00-06:00,14,4.470471066036884,-4020.5976517423255,load_drop,load_change,1,medium,operational
2019-10-07 18:00:00-06:00,2019-10-08 00:00:00-06:00,7,6.935161237448246,1976.8250000000003,load_spike,load_change,1,medium,operational
2019-10-08 07:00:00-06:00,2019-10-10 21:00:00-06:00,63,9.416760844837071,23988.318547726383,load_spike,load_change,1,medium,operational
2019-10-15 23:00:00-06:00,2019-10-15 23:00:00-06:00,1,4.5271156450264955,7.9806503781009575,overhead_excess,overhead_residual,1,low,operational
2019-10-21 09:00:00-06:00,2019-10-21 09:00:00-06:00,1,4.176036324199395,9.723829110851646,overhead_excess,overhead_residual,1,low,operational
2019-10-23 08:00:00-06:00,2019-10-23 08:00:00-06:00,1,4.2237193079263315,10.32805758393652,overhead_excess,overhead_residual,1,low,operational
2019-10-23 16:00:00-06:00,2019-10-23 17:00:00-06:00,2,4.69980128512348,22.69466112746798,overhead_excess,overhead_residual,1,low,operational
2019-10-31 19:00:00-06:00,2019-10-31 21:00:00-06:00,3,4.243318732918568,28.524630611323456,overhead_excess,overhead_residual,1,medium,operational
2019-10-31 23:00:00-06:00,2019-11-01 00:00:00-06:00,2,4.246365854521528,19.26949836199931,overhead_excess,overhead_residual,1,low,operational
2019-11-04 17:00:00-07:00,2019-11-04 18:00:00-07:00,2,4.53452455749806,24.640570159608178,overhead_excess,overhead_residual,1,low,operational
2019-11-16 23:00:00-07:00,2019-11-17 12:00:00-07:00,14,4.9385696263475936,-277.2854663130068,overhead_deficit,overhead_residual,3,high,operational
2019-11-16 23:00:00-07:00,2019-11-17 12:00:00-07:00,14,1.0,0.0,stuck_meter:cooling_kw,meter_fault,3,high,data_quality
2019-11-17 10:00:00-07:00,2019-11-17 12:00:00-07:00,3,10.026872189471511,-1345.1831068576498,load_drop,load_change,3,high,operational
2019-11-17 14:00:00-07:00,2019-11-19 07:00:00-07:00,42,1.0,0.0,stuck_meter:cooling_kw,meter_fault,3,high,data_quality
2019-11-17 14:00:00-07:00,2019-11-18 19:00:00-07:00,30,14.824922674864176,-16049.94053797718,load_drop,load_change,3,high,operational
2019-11-17 14:00:00-07:00,2019-11-18 13:00:00-07:00,24,,-427.3095454046205,overhead_deficit,overhead_residual,3,high,operational
2019-11-18 16:00:00-07:00,2019-11-19 07:00:00-07:00,16,,-287.86188903594734,overhead_deficit,overhead_residual,3,high,operational
2019-11-18 22:00:00-07:00,2019-11-18 22:00:00-07:00,1,4.812961897736391,-282.71357407407424,load_drop,load_change,3,high,operational
2019-12-04 05:00:00-07:00,2019-12-04 16:00:00-07:00,12,4.501677410836546,-3795.9772967032977,load_drop,load_change,1,medium,operational
2020-01-02 16:00:00-07:00,2020-01-02 17:00:00-07:00,2,4.168712475679475,26.668967168074523,overhead_excess,overhead_residual,1,low,operational
2020-01-08 09:00:00-07:00,2020-01-08 14:00:00-07:00,6,3.7355613049834426,-2936.1266324900507,load_drop,load_change,1,medium,operational
2020-01-15 15:00:00-07:00,2020-01-15 17:00:00-07:00,3,4.39097938204985,43.04192615996358,overhead_excess,overhead_residual,1,medium,operational
2020-01-17 08:00:00-07:00,2020-01-17 08:00:00-07:00,1,4.133957972390985,15.396787010312618,overhead_excess,overhead_residual,1,low,operational
2020-01-21 18:00:00-07:00,2020-01-22 08:00:00-07:00,15,1.0,0.0,stuck_meter:cooling_kw,meter_fault,1,medium,data_quality
2020-02-09 15:00:00-07:00,2020-02-10 09:00:00-07:00,19,1.0,0.0,stuck_meter:cooling_kw,meter_fault,2,high,data_quality
2020-02-10 07:00:00-07:00,2020-02-13 19:00:00-07:00,85,8.181172098167844,-62578.90241412577,load_drop,load_change,2,high,sustained_change
2020-02-16 12:00:00-07:00,2020-02-20 00:00:00-07:00,85,32.52355645286367,47889.56493063303,load_spike,load_change,3,high,sustained_change
2020-02-17 11:00:00-07:00,2020-02-18 09:00:00-07:00,23,1.0,0.0,stuck_meter:cooling_kw,meter_fault,2,high,data_quality
2020-02-18 11:00:00-07:00,2020-02-19 10:00:00-07:00,24,1.0,0.0,stuck_meter:cooling_kw,meter_fault,3,high,data_quality
2020-02-18 23:00:00-07:00,2020-02-19 02:00:00-07:00,4,,-60.57048050974512,overhead_deficit,overhead_residual,3,high,operational
2020-02-19 05:00:00-07:00,2020-02-19 05:00:00-07:00,1,,-15.062819116757408,overhead_deficit,overhead_residual,3,high,operational
2020-02-21 14:00:00-07:00,2020-02-21 21:00:00-07:00,8,4.262884146106386,3155.0990476352213,load_spike,load_change,1,medium,operational
2020-02-22 12:00:00-07:00,2020-02-22 23:00:00-07:00,12,2.8940085662757276,4321.733617819719,load_spike,load_change,1,medium,operational
2020-02-23 04:00:00-07:00,2020-02-23 04:00:00-07:00,1,2.5333451585221525,360.702125,load_spike,load_change,1,low,operational
2020-02-23 06:00:00-07:00,2020-02-23 06:00:00-07:00,1,2.5279460714575572,364.52125462962954,load_spike,load_change,1,low,operational
2020-02-23 08:00:00-07:00,2020-02-23 09:00:00-07:00,2,2.5089969460923123,741.6276717948717,load_spike,load_change,1,low,operational
2020-02-26 21:00:00-07:00,2020-02-27 08:00:00-07:00,12,4.646613663824826,-223.7775595726282,overhead_deficit,overhead_residual,2,high,operational
2020-02-26 21:00:00-07:00,2020-02-27 08:00:00-07:00,12,1.0,0.0,stuck_meter:cooling_kw,meter_fault,2,high,data_quality
2020-03-23 10:00:00-06:00,2020-03-24 04:00:00-06:00,19,4.283901672643587,-6568.662205510998,load_drop,load_change,1,medium,operational
2020-03-24 09:00:00-06:00,2020-03-24 09:00:00-06:00,1,4.008450173282301,-325.17083333333335,load_drop,load_change,1,low,operational
2020-03-26 17:00:00-06:00,2020-03-28 08:00:00-06:00,40,4.841335828638878,12286.147967514124,load_spike,load_change,1,medium,operational
2020-04-22 15:00:00-06:00,2020-04-23 15:00:00-06:00,25,1.0,0.0,overhead_underreport,meter_fault,2,high,data_quality
2020-04-22 15:00:00-06:00,2020-04-23 15:00:00-06:00,25,4.6776371755662005,-446.742231251493,overhead_deficit,overhead_residual,2,high,operational
2020-05-05 04:00:00-06:00,2020-05-05 04:00:00-06:00,1,4.053427093575818,9.794217504099208,overhead_excess,overhead_residual,1,low,operational
2020-05-05 16:00:00-06:00,2020-05-05 16:00:00-06:00,1,4.691180189856347,260.2363304597702,load_spike,load_change,1,low,operational
2020-05-06 04:00:00-06:00,2020-05-06 06:00:00-06:00,3,4.373339337195456,30.637661188798212,overhead_excess,overhead_residual,1,medium,operational
2020-05-08 00:00:00-06:00,2020-05-08 00:00:00-06:00,1,4.080296744785652,9.312722088653032,overhead_excess,overhead_residual,1,low,operational
2020-05-08 02:00:00-06:00,2020-05-08 08:00:00-06:00,7,4.926980869188498,73.55662672911926,overhead_excess,overhead_residual,1,medium,operational
2020-05-08 10:00:00-06:00,2020-05-08 10:00:00-06:00,1,4.258545567034807,9.502610320096803,overhead_excess,overhead_residual,1,low,operational
2020-05-10 04:00:00-06:00,2020-05-10 06:00:00-06:00,3,4.179859059469689,28.741693366274376,overhead_excess,overhead_residual,1,medium,operational
2020-05-11 02:00:00-06:00,2020-05-11 05:00:00-06:00,4,4.559846975445093,39.16596811469747,overhead_excess,overhead_residual,1,medium,operational
2020-05-11 10:00:00-06:00,2020-05-11 12:00:00-06:00,3,4.494709806597615,30.962119121034654,overhead_excess,overhead_residual,1,medium,operational
2020-05-11 14:00:00-06:00,2020-05-11 14:00:00-06:00,1,4.377401227227054,10.51602815831847,overhead_excess,overhead_residual,1,low,operational
2020-05-11 21:00:00-06:00,2020-05-11 23:00:00-06:00,3,4.702737216194733,30.984059825409293,overhead_excess,overhead_residual,1,medium,operational
2020-05-12 01:00:00-06:00,2020-05-12 04:00:00-06:00,4,4.599331279557459,40.98523474611308,overhead_excess,overhead_residual,1,medium,operational
2020-05-12 07:00:00-06:00,2020-05-12 09:00:00-06:00,3,5.452303951136735,33.53258482569069,overhead_excess,overhead_residual,1,medium,operational
2020-05-19 13:00:00-06:00,2020-05-19 16:00:00-06:00,4,8.846772796973656,-69.80158860585667,overhead_deficit,overhead_residual,1,medium,operational
2020-05-21 13:00:00-06:00,2020-05-21 14:00:00-06:00,2,6.472593539390347,-24.674710652902007,overhead_deficit,overhead_residual,1,low,operational
2020-05-24 18:00:00-06:00,2020-05-24 18:00:00-06:00,1,4.23116170315141,9.190224618202254,overhead_excess,overhead_residual,1,low,operational
2020-05-24 21:00:00-06:00,2020-05-24 21:00:00-06:00,1,4.000684105696518,8.883972607639947,overhead_excess,overhead_residual,1,low,operational
2020-05-25 03:00:00-06:00,2020-05-25 04:00:00-06:00,2,4.391601165366215,18.98858721272638,overhead_excess,overhead_residual,1,low,operational
2020-05-27 08:00:00-06:00,2020-05-27 08:00:00-06:00,1,4.1456979563292515,9.074401414824983,overhead_excess,overhead_residual,1,low,operational
2020-05-30 06:00:00-06:00,2020-05-30 10:00:00-06:00,5,9.54174326383242,-102.25910216224692,overhead_deficit,overhead_residual,1,medium,operational
2020-06-02 14:00:00-06:00,2020-06-02 14:00:00-06:00,1,6.316650114065991,-14.547149980142336,overhead_deficit,overhead_residual,1,low,operational
2020-06-13 11:00:00-06:00,2020-06-13 12:00:00-06:00,2,4.753512668386496,30.45565675939006,overhead_excess,overhead_residual,1,low,operational
2020-06-25 09:00:00-06:00,2020-06-25 10:00:00-06:00,2,6.942583250125461,33.023902692748294,overhead_excess,overhead_residual,1,low,operational
2020-06-25 17:00:00-06:00,2020-06-25 18:00:00-06:00,2,8.484429628941777,-1000.1298903318904,load_drop,load_change,2,high,operational
2020-06-25 18:00:00-06:00,2020-06-25 18:00:00-06:00,1,7.1366361255392095,20.63036645441335,overhead_excess,overhead_residual,2,high,operational
2020-06-26 14:00:00-06:00,2020-06-26 15:00:00-06:00,2,9.173901201926736,52.163996539517306,overhead_excess,overhead_residual,1,low,operational
2020-06-26 19:00:00-06:00,2020-06-26 23:00:00-06:00,5,7.029092760887072,107.16831504401796,overhead_excess,overhead_residual,1,medium,operational
2020-07-02 19:00:00-06:00,2020-07-02 19:00:00-06:00,1,4.5076184477792545,20.159904574856547,overhead_excess,overhead_residual,1,low,operational
2020-07-06 19:00:00-06:00,2020-07-07 14:00:00-06:00,20,8.291445794919241,-7462.781041032401,load_drop,load_change,2,high,operational
2020-07-07 13:00:00-06:00,2020-07-07 16:00:00-06:00,4,5.928371489491929,-84.6178726031523,overhead_deficit,overhead_residual,2,high,operational
2020-07-09 19:00:00-06:00,2020-07-09 20:00:00-06:00,2,13.31748694446333,69.47156630281657,overhead_excess,overhead_residual,1,low,operational
2020-07-19 10:00:00-06:00,2020-07-19 12:00:00-06:00,3,4.877278930697023,44.650474494288936,overhead_excess,overhead_residual,1,medium,operational
2020-07-21 14:00:00-06:00,2020-07-21 17:00:00-06:00,4,6.801420714364245,67.42939788767282,overhead_excess,overhead_residual,1,medium,operational
2020-07-22 17:00:00-06:00,2020-07-22 18:00:00-06:00,2,7.029954519259422,36.99711678058776,overhead_excess,overhead_residual,1,low,operational
2020-07-24 12:00:00-06:00,2020-07-24 13:00:00-06:00,2,7.225337551722249,37.098920331191486,overhead_excess,overhead_residual,1,low,operational
2020-07-24 17:00:00-06:00,2020-07-24 17:00:00-06:00,1,5.852097155888718,17.059439695741247,overhead_excess,overhead_residual,1,low,operational
2020-07-27 06:00:00-06:00,2020-07-27 06:00:00-06:00,1,4.51958421807662,-255.83075000000008,load_drop,load_change,1,low,operational
2020-07-27 08:00:00-06:00,2020-07-28 18:00:00-06:00,35,14.415422120422312,-18471.670172630114,load_drop,load_change,2,high,operational
2020-07-27 13:00:00-06:00,2020-07-27 14:00:00-06:00,2,0.7279074106765984,0.0,multivariate_outlier,isolation_forest,2,high,operational
2020-07-28 13:00:00-06:00,2020-07-28 14:00:00-06:00,2,10.63626047250029,42.452820151852094,overhead_excess,overhead_residual,2,high,operational
2020-07-29 08:00:00-06:00,2020-07-29 11:00:00-06:00,4,7.264366698434665,58.08075500800026,overhead_excess,overhead_residual,1,medium,operational
2020-07-29 22:00:00-06:00,2020-07-30 08:00:00-06:00,11,6.238034201408851,151.01877314994653,overhead_excess,overhead_residual,2,high,operational
2020-07-30 08:00:00-06:00,2020-07-30 08:00:00-06:00,1,4.800011074007385,242.6153333333334,load_spike,load_change,2,high,operational
2020-08-05 06:00:00-06:00,2020-08-06 09:00:00-06:00,28,11.868812433049431,-707.6977490887564,overhead_deficit,overhead_residual,2,high,operational
2020-08-05 06:00:00-06:00,2020-08-06 08:00:00-06:00,27,1.0,0.0,overhead_underreport,meter_fault,2,high,data_quality
2020-08-06 21:00:00-06:00,2020-08-06 23:00:00-06:00,3,4.561739550185909,767.3146242937855,load_spike,load_change,1,medium,operational
2020-08-07 10:00:00-06:00,2020-08-07 11:00:00-06:00,2,6.094491380363862,29.58133287953762,overhead_excess,overhead_residual,1,low,operational
2020-08-10 13:00:00-06:00,2020-08-10 14:00:00-06:00,2,4.563414327402837,20.789672192269478,overhead_excess,overhead_residual,1,low,operational
2020-08-15 03:00:00-06:00,2020-08-18 19:00:00-06:00,89,11.007601970791036,-2267.983366706049,overhead_deficit,overhead_residual,2,high,sustained_change
2020-08-15 03:00:00-06:00,2020-08-18 19:00:00-06:00,89,1.0,0.0,overhead_underreport,meter_fault,2,high,data_quality
2020-08-18 22:00:00-06:00,2020-08-19 12:00:00-06:00,15,,-306.6400489642185,overhead_deficit,overhead_residual,2,high,operational
2020-08-18 22:00:00-06:00,2020-08-19 12:00:00-06:00,15,1.0,0.0,stuck_meter:cooling_kw,meter_fault,2,high,data_quality
2020-08-19 14:00:00-06:00,2020-08-20 09:00:00-06:00,20,,527.8653134561517,overhead_excess,overhead_residual,1,medium,operational
2020-08-20 11:00:00-06:00,2020-09-19 09:00:00-06:00,719,1.0,0.0,stuck_meter:cooling_kw,meter_fault,1,medium,data_quality
2020-09-25 11:00:00-06:00,2020-09-28 23:00:00-06:00,85,,1605.0568760983542,overhead_excess,overhead_residual,1,medium,sustained_change
2020-09-29 01:00:00-06:00,2020-09-29 17:00:00-06:00,17,,317.63521826233597,overhead_excess,overhead_residual,1,medium,operational
2020-10-01 00:00:00-06:00,2020-10-01 01:00:00-06:00,2,3.633787424215237,-1011.0200459770111,load_drop,load_change,1,low,operational
2020-10-04 03:00:00-06:00,2020-10-05 09:00:00-06:00,31,1.0,0.0,stuck_meter:cooling_kw,meter_fault,3,high,data_quality
2020-10-04 03:00:00-06:00,2020-10-05 06:00:00-06:00,28,,-516.4762302091124,overhead_deficit,overhead_residual,3,high,operational
2020-10-05 04:00:00-06:00,2020-10-06 10:00:00-06:00,31,6.401403645876073,-25651.849320358077,load_drop,load_change,3,high,operational
2020-10-06 11:00:00-06:00,2020-10-06 11:00:00-06:00,1,,-15.087312686455723,overhead_deficit,overhead_residual,1,low,operational
2020-10-16 01:00:00-06:00,2020-10-16 09:00:00-06:00,9,6.908367514560126,102.76004499587906,overhead_excess,overhead_residual,1,medium,operational
2020-10-18 02:00:00-06:00,2020-10-18 12:00:00-06:00,11,5.60239120740288,120.15666914067123,overhead_excess,overhead_residual,1,medium,operational
2020-10-18 19:00:00-06:00,2020-10-19 04:00:00-06:00,10,5.138533029636867,105.76166624153325,overhead_excess,overhead_residual,1,medium,operational
2020-11-03 11:00:00-07:00,2020-11-03 15:00:00-07:00,5,4.465614826937878,-77.63560214559593,overhead_deficit,overhead_residual,1,medium,operational
2020-11-03 17:00:00-07:00,2020-11-06 07:00:00-07:00,63,,-1219.1539495984907,overhead_deficit,overhead_residual,2,high,operational
2020-11-04 03:00:00-07:00,2020-11-06 15:00:00-07:00,61,1.0,0.0,overhead_underreport,meter_fault,2,high,data_quality
2020-11-09 13:00:00-07:00,2020-11-12 17:00:00-07:00,77,,2007.0588318758284,overhead_excess,overhead_residual,1,medium,sustained_change
2020-12-01 10:00:00-07:00,2020-12-01 10:00:00-07:00,1,4.773230336943191,-25.22772574810441,overhead_deficit,overhead_residual,1,low,operational
2020-12-01 15:00:00-07:00,2020-12-01 16:00:00-07:00,2,3.5972921741638584,-38.475933740339364,overhead_deficit,overhead_residual,1,low,operational
2021-01-05 10:00:00-07:00,2021-01-05 12:00:00-07:00,3,4.3234826821030286,-55.439523830272314,overhead_deficit,overhead_residual,1,medium,operational
2021-01-15 21:00:00-07:00,2021-01-19 09:00:00-07:00,85,18.54169152813465,-75381.33800587409,load_drop,load_change,2,high,sustained_change
2021-01-16 02:00:00-07:00,2021-01-16 02:00:00-07:00,1,0.7256027197152669,0.0,multivariate_outlier,isolation_forest,2,high,operational
2021-01-16 05:00:00-07:00,2021-01-16 05:00:00-07:00,1,0.7280078246006227,0.0,multivariate_outlier,isolation_forest,2,high,operational
2021-01-16 08:00:00-07:00,2021-01-16 09:00:00-07:00,2,0.726006301137902,0.0,multivariate_outlier,isolation_forest,2,high,operational
2021-01-16 17:00:00-07:00,2021-01-17 04:00:00-07:00,12,0.7327255974237202,0.0,multivariate_outlier,isolation_forest,2,high,operational
2021-01-18 03:00:00-07:00,2021-01-18 22:00:00-07:00,20,0.7310846111157712,0.0,multivariate_outlier,isolation_forest,2,high,operational
2021-01-19 03:00:00-07:00,2021-01-19 03:00:00-07:00,1,0.7253993085041502,0.0,multivariate_outlier,isolation_forest,2,high,operational
2021-01-20 15:00:00-07:00,2021-01-20 16:00:00-07:00,2,30.361008592471617,620.476988372093,load_spike,load_change,1,low,operational
2021-01-21 11:00:00-07:00,2021-01-25 00:00:00-07:00,86,65.09971638453139,72991.4608867186,load_spike,load_change,2,high,sustained_change
2021-01-21 13:00:00-07:00,2021-01-22 02:00:00-07:00,14,0.7337633471915048,0.0,multivariate_outlier,isolation_forest,2,high,operational
2021-01-22 04:00:00-07:00,2021-01-23 10:00:00-07:00,31,0.7416793688987098,0.0,multivariate_outlier,isolation_forest,2,high,operational
2021-01-23 17:00:00-07:00,2021-01-24 01:00:00-07:00,9,0.7317417223812286,0.0,multivariate_outlier,isolation_forest,2,high,operational
2021-01-24 03:00:00-07:00,2021-01-24 11:00:00-07:00,9,0.73036920941372,0.0,multivariate_outlier,isolation_forest,2,high,operational
2021-01-24 13:00:00-07:00,2021-01-24 13:00:00-07:00,1,0.7243381593360843,0.0,multivariate_outlier,isolation_forest,2,high,operational
2021-01-24 16:00:00-07:00,2021-01-24 16:00:00-07:00,1,0.7272417817168833,0.0,multivariate_outlier,isolation_forest,2,high,operational
2021-02-02 10:00:00-07:00,2021-02-02 11:00:00-07:00,2,7.316836206870198,-41.124707178189155,overhead_deficit,overhead_residual,1,low,operational
2021-02-20 03:00:00-07:00,2021-02-20 23:00:00-07:00,21,1.0,0.0,stuck_meter:cooling_kw,meter_fault,1,medium,data_quality
2021-02-21 02:00:00-07:00,2021-02-22 12:00:00-07:00,35,1.0,0.0,overhead_underreport,meter_fault,2,high,data_quality
2021-02-21 02:00:00-07:00,2021-02-22 13:00:00-07:00,36,,-953.1296777948625,overhead_deficit,overhead_residual,2,high,operational
2021-03-02 04:00:00-07:00,2021-03-02 17:00:00-07:00,14,11.096230612378902,-8878.041263253504,load_drop,load_change,2,high,operational
2021-03-02 11:00:00-07:00,2021-03-02 12:00:00-07:00,2,3.1644085280961614,-39.646310025242734,overhead_deficit,overhead_residual,2,high,operational
2021-03-11 18:00:00-07:00,2021-03-15 08:00:00-06:00,86,2.8390235205332512,-1680.487457175611,overhead_deficit,overhead_residual,2,high,sustained_change
2021-03-11 18:00:00-07:00,2021-03-15 08:00:00-06:00,86,1.0,0.0,overhead_underreport,meter_fault,2,high,data_quality
2021-03-15 18:00:00-06:00,2021-03-15 19:00:00-06:00,2,,33.067927966101706,overhead_excess,overhead_residual,1,low,operational
2021-03-15 21:00:00-06:00,2021-03-16 02:00:00-06:00,6,,98.78687353678636,overhead_excess,overhead_residual,1,medium,operational
2021-03-16 06:00:00-06:00,2021-03-19 19:00:00-06:00,86,,2292.3926864509544,overhead_excess,overhead_residual,1,medium,sustained_change
2021-03-20 03:00:00-06:00,2021-03-20 15:00:00-06:00,13,1.0,0.0,stuck_meter:cooling_kw,meter_fault,2,high,data_quality
2021-03-20 03:00:00-06:00,2021-03-20 15:00:00-06:00,13,,-241.5849782428429,overhead_deficit,overhead_residual,2,high,operational
2021-04-06 11:00:00-06:00,2021-04-06 12:00:00-06:00,2,4.328362918938144,-30.036813492768317,overhead_deficit,overhead_residual,1,low,operational
2021-04-09 07:00:00-06:00,2021-04-09 07:00:00-06:00,1,4.001377133356648,11.878169733725045,overhead_excess,overhead_residual,1,low,operational
2021-04-09 23:00:00-06:00,2021-04-09 23:00:00-06:00,1,4.0109446744874955,11.96140754065707,overhead_excess,overhead_residual,1,low,operational
2021-04-12 08:00:00-06:00,2021-04-12 08:00:00-06:00,1,4.132748798327346,12.445097544265572,overhead_excess,overhead_residual,1,low,operational
2021-05-02 22:00:00-06:00,2021-05-03 00:00:00-06:00,3,6.266478141252616,-1170.5589999999993,load_drop,load_change,1,medium,operational
2021-05-03 04:00:00-06:00,2021-05-06 04:00:00-06:00,73,17.479035989705963,-73680.36364658149,load_drop,load_change,2,high,sustained_change
2021-05-04 10:00:00-06:00,2021-05-04 12:00:00-06:00,3,5.409131733188384,-58.92612075301625,overhead_deficit,overhead_residual,2,high,operational
2021-05-04 13:00:00-06:00,2021-05-04 20:00:00-06:00,8,0.7413919529050764,0.0,multivariate_outlier,isolation_forest,2,high,operational
2021-05-04 22:00:00-06:00,2021-05-04 22:00:00-06:00,1,0.7243491367844715,0.0,multivariate_outlier,isolation_forest,2,high,operational
2021-05-05 04:00:00-06:00,2021-05-05 08:00:00-06:00,5,0.7277389633550608,0.0,multivariate_outlier,isolation_forest,2,high,operational
2021-05-06 17:00:00-06:00,2021-05-10 01:00:00-06:00,81,7.69093461292351,32885.8960909373,load_spike,load_change,1,medium,sustained_change
2021-05-10 10:00:00-06:00,2021-05-10 10:00:00-06:00,1,3.9077789682362742,15.145510670414957,overhead_excess,overhead_residual,1,low,operational
2021-05-20 15:00:00-06:00,2021-05-20 15:00:00-06:00,1,4.07006316685678,13.94822332756624,overhead_excess,overhead_residual,1,low,operational
2021-05-28 22:00:00-06:00,2021-05-29 23:00:00-06:00,26,5.57306611589778,-525.9921691777251,overhead_deficit,overhead_residual,3,high,operational
2021-05-28 23:00:00-06:00,2021-05-29 23:00:00-06:00,25,1.0,0.0,overhead_underreport,meter_fault,3,high,data_quality
2021-05-29 21:00:00-06:00,2021-06-01 06:00:00-06:00,58,6.978875428687971,-23020.8090671974,load_drop,load_change,3,high,operational
2021-06-01 09:00:00-06:00,2021-06-01 10:00:00-06:00,2,4.277515736448584,-690.6641851851854,load_drop,load_change,1,low,operational
2021-06-02 11:00:00-06:00,2021-06-02 11:00:00-06:00,1,4.050601322980221,305.53441666666663,load_spike,load_change,1,low,operational
2021-06-03 01:00:00-06:00,2021-06-03 09:00:00-06:00,9,4.968183526279799,3160.123460144927,load_spike,load_change,1,medium,operational
2021-06-03 11:00:00-06:00,2021-06-03 19:00:00-06:00,9,4.903273631478676,3231.813814102564,load_spike,load_change,1,medium,operational
2021-06-04 15:00:00-06:00,2021-06-04 16:00:00-06:00,2,4.882104197394344,711.8193333333331,load_spike,load_change,1,low,operational
2021-06-04 20:00:00-06:00,2021-06-05 05:00:00-06:00,10,5.674624126311277,3756.1578333333327,load_spike,load_change,1,medium,operational
2021-06-07 16:00:00-06:00,2021-06-07 16:00:00-06:00,1,4.186478769941508,14.038884338899308,overhead_excess,overhead_residual,1,low,operational
2021-06-08 14:00:00-06:00,2021-06-08 19:00:00-06:00,6,12.34183468237318,152.82379653807513,overhead_excess,overhead_residual,1,medium,operational
2021-06-10 13:00:00-06:00,2021-06-10 19:00:00-06:00,7,12.075278728663234,234.0213545394822,overhead_excess,overhead_residual,1,medium,operational
2021-06-13 13:00:00-06:00,2021-06-13 22:00:00-06:00,10,12.00715187520454,311.8008259652134,overhead_excess,overhead_residual,1,medium,operational
2021-06-14 13:00:00-06:00,2021-06-14 14:00:00-06:00,2,6.954960449468476,42.88515669637327,overhead_excess,overhead_residual,1,low,operational
2021-06-15 12:00:00-06:00,2021-06-15 15:00:00-06:00,4,11.021211088031762,119.25654874674416,overhead_excess,overhead_residual,1,medium,operational
2021-06-15 18:00:00-06:00,2021-06-15 20:00:00-06:00,3,10.430786918475173,80.68191604676537,overhead_excess,overhead_residual,1,medium,operational
2021-06-29 15:00:00-06:00,2021-07-04 02:00:00-06:00,108,11.111768246952876,-3028.8417723810876,overhead_deficit,overhead_residual,2,high,sustained_change
2021-06-29 15:00:00-06:00,2021-07-19 09:00:00-06:00,475,1.0,0.0,overhead_underreport,meter_fault,2,high,data_quality
2021-07-19 10:00:00-06:00,2021-07-23 21:00:00-06:00,108,,5290.989687747932,overhead_excess,overhead_residual,2,high,sustained_change
2021-07-20 16:00:00-06:00,2021-07-20 16:00:00-06:00,1,0.7292036304163771,0.0,multivariate_outlier,isolation_forest,2,high,operational
2021-07-21 15:00:00-06:00,2021-07-21 17:00:00-06:00,3,0.738757700506801,0.0,multivariate_outlier,isolation_forest,2,high,operational
2021-07-22 13:00:00-06:00,2021-07-22 21:00:00-06:00,9,0.7423228874891022,0.0,multivariate_outlier,isolation_forest,2,high,operational
2021-07-25 18:00:00-06:00,2021-07-25 19:00:00-06:00,2,,37.00891601436033,overhead_excess,overhead_residual,1,low,operational
2021-07-28 11:00:00-06:00,2021-07-28 16:00:00-06:00,6,,183.3530365140197,overhead_excess,overhead_residual,1,medium,operational
2021-07-29 10:00:00-06:00,2021-07-29 22:00:00-06:00,13,,551.9746491305667,overhead_excess,overhead_residual,1,medium,operational
2021-07-30 13:00:00-06:00,2021-07-30 18:00:00-06:00,6,,243.14908562301565,overhead_excess,overhead_residual,1,medium,operational
2021-08-02 07:00:00-06:00,2021-08-03 14:00:00-06:00,32,6.817215260816862,-29125.707883038947,load_drop,load_change,2,high,operational
2021-08-03 10:00:00-06:00,2021-08-03 11:00:00-06:00,2,,-51.497972210230415,overhead_deficit,overhead_residual,2,high,operational
2021-08-03 19:00:00-06:00,2021-08-04 07:00:00-06:00,13,6.055578509807791,-11419.369754881598,load_drop,load_change,1,medium,operational
2021-08-04 14:00:00-06:00,2021-08-04 15:00:00-06:00,2,,33.381186330507404,overhead_excess,overhead_residual,1,low,operational
2021-08-04 17:00:00-06:00,2021-08-04 17:00:00-06:00,1,,16.056246573351117,overhead_excess,overhead_residual,1,low,operational
2021-08-05 11:00:00-06:00,2021-08-05 11:00:00-06:00,1,,15.488406645448755,overhead_excess,overhead_residual,1,low,operational
2021-08-06 11:00:00-06:00,2021-08-06 12:00:00-06:00,2,,44.39280532511283,overhead_excess,overhead_residual,1,low,operational
2021-08-06 18:00:00-06:00,2021-08-06 19:00:00-06:00,2,,75.12686102510952,overhead_excess,overhead_residual,1,low,operational
2021-08-12 18:00:00-06:00,2021-08-12 18:00:00-06:00,1,5.460435005438892,15.379984872950992,overhead_excess,overhead_residual,1,low,operational
2021-08-13 15:00:00-06:00,2021-08-13 15:00:00-06:00,1,4.362952872679528,12.078718206931882,overhead_excess,overhead_residual,1,low,operational
2021-08-13 17:00:00-06:00,2021-08-16 14:00:00-06:00,70,4.741780849982374,-40826.62904661837,load_drop,load_change,2,high,operational
2021-08-14 08:00:00-06:00,2021-08-14 08:00:00-06:00,1,4.872210543671615,13.120454587621303,overhead_excess,overhead_residual,2,high,operational
2021-08-14 13:00:00-06:00,2021-08-14 13:00:00-06:00,1,5.543939953110355,15.4937943805216,overhead_excess,overhead_residual,2,high,operational
2021-08-18 19:00:00-06:00,2021-08-18 20:00:00-06:00,2,8.718293850373708,-43.35473722753608,overhead_deficit,overhead_residual,1,low,operational
2021-08-19 11:00:00-06:00,2021-08-19 13:00:00-06:00,3,5.6655413017037075,38.44917933976186,overhead_excess,overhead_residual,1,medium,operational
2021-08-19 16:00:00-06:00,2021-08-19 17:00:00-06:00,2,4.973918917418719,23.300043527699827,overhead_excess,overhead_residual,1,low,operational
2021-08-25 15:00:00-06:00,2021-08-25 17:00:00-06:00,3,6.788603697315817,41.936212376667555,overhead_excess,overhead_residual,1,medium,operational
2021-08-26 09:00:00-06:00,2021-08-26 14:00:00-06:00,6,18.74219173968632,178.50624421228264,overhead_excess,overhead_residual,1,medium,operational
2021-08-27 07:00:00-06:00,2021-08-27 07:00:00-06:00,1,8.56179431918556,21.14455371815089,overhead_excess,overhead_residual,1,low,operational
2021-08-28 17:00:00-06:00,2021-08-30 11:00:00-06:00,43,6.075768346212382,-49218.3015564939,load_drop,load_change,3,high,operational
2021-08-28 18:00:00-06:00,2021-08-30 11:00:00-06:00,42,7.66237701967991,-1027.726229972414,overhead_deficit,overhead_residual,3,high,operational
2021-08-28 22:00:00-06:00,2021-08-30 08:00:00-06:00,35,1.0,0.0,stuck_meter:cooling_kw,meter_fault,3,high,data_quality
2021-09-01 10:00:00-06:00,2021-09-01 16:00:00-06:00,7,7.3203300021882605,95.97140587399949,overhead_excess,overhead_residual,1,medium,operational
2021-09-01 19:00:00-06:00,2021-09-01 20:00:00-06:00,2,4.415935842616751,21.02268889904702,overhead_excess,overhead_residual,1,low,operational
2021-09-01 23:00:00-06:00,2021-09-01 23:00:00-06:00,1,6.829125106599671,16.8202729498458,overhead_excess,overhead_residual,1,low,operational
2021-09-02 08:00:00-06:00,2021-09-02 14:00:00-06:00,7,11.206458989752468,123.09660062572287,overhead_excess,overhead_residual,1,medium,operational
2021-09-08 10:00:00-06:00,2021-09-08 11:00:00-06:00,2,12.88127666827138,-67.59874926566236,overhead_deficit,overhead_residual,1,low,operational
2021-09-10 11:00:00-06:00,2021-09-10 11:00:00-06:00,1,,17.248666666666658,overhead_excess,overhead_residual,1,low,operational
2021-09-15 09:00:00-06:00,2021-09-15 09:00:00-06:00,1,4.778026937848935,-19.385075523639486,overhead_deficit,overhead_residual,1,low,operational
2021-09-20 18:00:00-06:00,2021-09-28 14:00:00-06:00,189,1.0,0.0,overhead_underreport,meter_fault,2,high,data_quality
2021-09-20 18:00:00-06:00,2021-09-25 04:00:00-06:00,107,6.6244364408630325,-2847.869187052248,overhead_deficit,overhead_residual,2,high,sustained_change
2021-09-29 09:00:00-06:00,2021-10-21 09:00:00-06:00,529,1.0,0.0,stuck_meter:cooling_kw,meter_fault,2,high,data_quality
2021-09-30 23:00:00-06:00,2021-10-01 00:00:00-06:00,2,6.315772912242814,-792.2223333333332,load_drop,load_change,2,high,operational
2021-10-10 01:00:00-06:00,2021-10-12 06:00:00-06:00,54,12.283590946324638,-50643.47795801078,load_drop,load_change,2,high,operational
2021-10-15 11:00:00-06:00,2021-10-15 12:00:00-06:00,2,4.159743082582853,712.8686666666667,load_spike,load_change,2,high,operational
2021-10-15 15:00:00-06:00,2021-10-15 16:00:00-06:00,2,4.074217206502866,705.1076666666663,load_spike,load_change,2,high,operational
2021-10-15 18:00:00-06:00,2021-10-15 20:00:00-06:00,3,4.103009079542657,1073.0665,load_spike,load_change,2,high,operational
2021-10-16 00:00:00-06:00,2021-10-16 02:00:00-06:00,3,4.128152008243246,1092.9615000000003,load_spike,load_change,2,high,operational
2021-10-26 18:00:00-06:00,2021-10-29 21:00:00-06:00,76,,1859.6498247462914,overhead_excess,overhead_residual,1,medium,sustained_change
2021-10-31 00:00:00-06:00,2021-11-02 17:00:00-06:00,66,1.0,0.0,stuck_meter:cooling_kw,meter_fault,1,medium,data_quality
2021-11-03 11:00:00-06:00,2021-11-04 11:00:00-06:00,25,1.0,0.0,stuck_meter:cooling_kw,meter_fault,1,medium,data_quality
2021-11-04 12:00:00-06:00,2021-11-05 19:00:00-06:00,32,,921.7422474572638,overhead_excess,overhead_residual,1,medium,operational
2021-11-06 05:00:00-06:00,2021-11-06 18:00:00-06:00,14,1.0,0.0,stuck_meter:cooling_kw,meter_fault,1,medium,data_quality
2021-11-06 20:00:00-06:00,2021-11-10 10:00:00-07:00,88,1.0,0.0,stuck_meter:cooling_kw,meter_fault,1,medium,data_quality
2021-11-10 12:00:00-07:00,2021-11-12 12:00:00-07:00,49,,1281.1846339579392,overhead_excess,overhead_residual,1,medium,operational
2021-11-12 17:00:00-07:00,2021-11-12 18:00:00-07:00,2,,36.68386398467433,overhead_excess,overhead_residual,1,low,operational
2021-11-12 19:00:00-07:00,2021-11-13 09:00:00-07:00,15,1.0,0.0,stuck_meter:cooling_kw,meter_fault,1,medium,data_quality
2021-11-13 12:00:00-07:00,2021-11-14 09:00:00-07:00,22,1.0,0.0,stuck_meter:cooling_kw,meter_fault,1,medium,data_quality
2021-11-14 11:00:00-07:00,2021-12-13 10:00:00-07:00,696,1.0,0.0,stuck_meter:cooling_kw,meter_fault,1,medium,data_quality
2021-12-16 18:00:00-07:00,2021-12-17 08:00:00-07:00,15,1.0,0.0,stuck_meter:cooling_kw,meter_fault,1,medium,data_quality
2021-12-17 13:00:00-07:00,2021-12-21 23:00:00-07:00,107,,3311.5365507134147,overhead_excess,overhead_residual,2,high,sustained_change
2021-12-18 11:00:00-07:00,2021-12-18 11:00:00-07:00,1,5.154914495268025,319.9401666666665,load_spike,load_change,2,high,operational
2022-01-04 10:00:00-07:00,2022-01-04 11:00:00-07:00,2,,-43.39259950206163,overhead_deficit,overhead_residual,1,low,operational
2022-01-04 13:00:00-07:00,2022-01-04 13:00:00-07:00,1,,-23.35966666666667,overhead_deficit,overhead_residual,1,low,operational
2022-01-08 09:00:00-07:00,2022-01-08 11:00:00-07:00,3,9.10125380265807,46.44238002742952,overhead_excess,overhead_residual,1,medium,operational
2022-01-08 13:00:00-07:00,2022-01-08 13:00:00-07:00,1,4.151609570275417,8.328788499263062,overhead_excess,overhead_residual,1,low,operational
2022-01-10 04:00:00-07:00,2022-01-10 16:00:00-07:00,13,10.175717616700194,-11429.141379940327,load_drop,load_change,1,medium,operational
2022-01-10 20:00:00-07:00,2022-01-11 06:00:00-07:00,11,4.76240125672077,-5629.145313370999,load_drop,load_change,1,medium,operational
2022-01-11 08:00:00-07:00,2022-01-12 18:00:00-07:00,35,8.349306726459098,-24436.50998279242,load_drop,load_change,1,medium,operational
2022-01-13 10:00:00-07:00,2022-01-13 17:00:00-07:00,8,6.382609227409268,-4870.3513374245085,load_drop,load_change,1,medium,operational
2022-01-14 12:00:00-07:00,2022-01-14 12:00:00-07:00,1,4.606004332740867,-403.50183333333325,load_drop,load_change,1,low,operational
2022-01-16 17:00:00-07:00,2022-01-17 13:00:00-07:00,21,6.7540596942210955,8866.23986370206,load_spike,load_change,1,medium,operational
2022-01-17 17:00:00-07:00,2022-01-18 02:00:00-07:00,10,4.956884261066368,3391.4335531313864,load_spike,load_change,1,medium,operational
2022-01-18 13:00:00-07:00,2022-01-18 20:00:00-07:00,8,5.69504009886992,3013.515419487098,load_spike,load_change,1,medium,operational
2022-01-19 12:00:00-07:00,2022-01-20 11:00:00-07:00,24,4.901132180046215,8050.702972013237,load_spike,load_change,1,medium,operational
2022-01-20 17:00:00-07:00,2022-01-20 19:00:00-07:00,3,4.400071026717589,1145.9122453703703,load_spike,load_change,1,medium,operational
2022-01-20 22:00:00-07:00,2022-01-21 03:00:00-07:00,6,4.643706499781319,2650.202470338983,load_spike,load_change,1,medium,operational
2022-01-21 05:00:00-07:00,2022-01-21 06:00:00-07:00,2,4.042675563648329,824.1567499999996,load_spike,load_change,1,low,operational
2022-02-01 10:00:00-07:00,2022-02-01 13:00:00-07:00,4,6.076758456977227,-102.30037539702437,overhead_deficit,overhead_residual,1,medium,operational
2022-03-01 10:00:00-07:00,2022-03-01 12:00:00-07:00,3,9.11897770704912,-60.43396143332747,overhead_deficit,overhead_residual,1,medium,operational
2022-03-11 11:00:00-07:00,2022-03-15 01:00:00-06:00,86,15.502717396661408,-98671.51009764061,load_drop,load_change,4,high,sustained_change
2022-03-11 12:00:00-07:00,2022-03-14 13:00:00-06:00,73,1.0,0.0,overhead_underreport,meter_fault,4,high,data_quality
2022-03-11 12:00:00-07:00,2022-03-14 13:00:00-06:00,73,6.269234696942718,-2083.437951826736,overhead_deficit,overhead_residual,4,high,sustained_change
2022-03-11 12:00:00-07:00,2022-03-11 12:00:00-07:00,1,0.7509792335799408,0.0,multivariate_outlier,isolation_forest,4,high,operational
2022-03-15 07:00:00-06:00,2022-03-18 20:00:00-06:00,86,59.80301963008135,97522.72071350586,load_spike,load_change,1,medium,sustained_change
2022-03-27 19:00:00-06:00,2022-03-28 19:00:00-06:00,25,5.278501053993888,-678.7369430007923,overhead_deficit,overhead_residual,2,high,operational
2022-03-27 19:00:00-06:00,2022-03-28 15:00:00-06:00,21,1.0,0.0,stuck_meter:cooling_kw,meter_fault,2,high,data_quality
2022-04-04 07:00:00-06:00,2022-04-04 15:00:00-06:00,9,6.430949172807541,-9451.491979844155,load_drop,load_change,1,medium,operational
2022-04-10 22:00:00-06:00,2022-04-11 11:00:00-06:00,14,1.0,0.0,stuck_meter:cooling_kw,meter_fault,1,medium,data_quality
2022-04-15 23:00:00-06:00,2022-04-16 02:00:00-06:00,4,2.9959472953184525,61.18610225767357,overhead_excess,overhead_residual,1,medium,operational
2022-04-19 14:00:00-06:00,2022-04-19 16:00:00-06:00,3,5.273482915388231,-85.1087609769201,overhead_deficit,overhead_residual,1,medium,operational
2022-04-28 04:00:00-06:00,2022-04-28 05:00:00-06:00,2,5.568370978830297,-52.96667172802162,overhead_deficit,overhead_residual,1,low,operational
2022-05-03 10:00:00-06:00,2022-05-03 12:00:00-06:00,3,4.585066532049459,-68.48779354919905,overhead_deficit,overhead_residual,1,medium,operational
2022-05-14 14:00:00-06:00,2022-05-15 22:00:00-06:00,33,5.17723177304753,789.7224220920324,overhead_excess,overhead_residual,1,medium,operational
2022-05-16 09:00:00-06:00,2022-05-16 21:00:00-06:00,13,5.423248857577913,397.8014030265777,overhead_excess,overhead_residual,1,medium,operational
2022-05-17 08:00:00-06:00,2022-05-17 08:00:00-06:00,1,2.4596667539048704,20.87491927129581,overhead_excess,overhead_residual,1,low,operational
2022-05-20 01:00:00-06:00,2022-05-20 02:00:00-06:00,2,1.8377071724470027,-31.94189142883267,overhead_deficit,overhead_residual,1,low,operational
2022-05-20 17:00:00-06:00,2022-05-20 20:00:00-06:00,4,1.677307696558519,-64.0761437526902,overhead_deficit,overhead_residual,1,medium,operational
2022-05-20 23:00:00-06:00,2022-05-20 23:00:00-06:00,1,1.5274418113983035,-15.622137311952379,overhead_deficit,overhead_residual,1,low,operational
2022-05-21 01:00:00-06:00,2022-05-21 01:00:00-06:00,1,1.5087786069648481,-15.532459165075373,overhead_deficit,overhead_residual,1,low,operational
2022-05-21 05:00:00-06:00,2022-05-21 05:00:00-06:00,1,1.476095067314853,-15.042110108688007,overhead_deficit,overhead_residual,1,low,operational
2022-05-21 08:00:00-06:00,2022-05-21 08:00:00-06:00,1,10.425611747361474,-370.60604378531093,load_drop,load_change,1,low,operational
2022-05-21 12:00:00-06:00,2022-05-21 13:00:00-06:00,2,1.6237874449566754,-32.92071270619958,overhead_deficit,overhead_residual,1,low,operational
2022-05-21 14:00:00-06:00,2022-05-21 16:00:00-06:00,3,13.814637008606539,-1466.2314999999999,load_drop,load_change,2,high,operational
2022-05-21 15:00:00-06:00,2022-05-21 17:00:00-06:00,3,1.8186032180822533,-55.21132442670807,overhead_deficit,overhead_residual,2,high,operational
2022-05-21 20:00:00-06:00,2022-05-22 02:00:00-06:00,7,1.4006895147492309,-115.24180230577038,overhead_deficit,overhead_residual,1,medium,operational
2022-05-22 04:00:00-06:00,2022-05-23 02:00:00-06:00,23,1.6840471518473632,-428.6717124932967,overhead_deficit,overhead_residual,1,medium,operational
2022-05-23 07:00:00-06:00,2022-05-23 10:00:00-06:00,4,1.3416960683105636,-64.57461971775382,overhead_deficit,overhead_residual,1,medium,operational
2022-05-23 16:00:00-06:00,2022-05-23 17:00:00-06:00,2,1.2764420943707788,-32.442742019383225,overhead_deficit,overhead_residual,1,low,operational
2022-05-27 11:00:00-06:00,2022-05-27 11:00:00-06:00,1,2.657757954850772,-22.106749328819234,overhead_deficit,overhead_residual,1,low,operational
2022-06-01 10:00:00-06:00,2022-06-01 10:00:00-06:00,1,3.154021385117119,17.578294493272637,overhead_excess,overhead_residual,1,low,operational
2022-06-02 08:00:00-06:00,2022-06-02 09:00:00-06:00,2,2.847074200087603,30.909646436778672,overhead_excess,overhead_residual,1,low,operational
2022-06-03 12:00:00-06:00,2022-06-03 14:00:00-06:00,3,2.7125636905759767,46.97209398654524,overhead_excess,overhead_residual,1,medium,operational
2022-06-06 12:00:00-06:00,2022-06-06 12:00:00-06:00,1,1.6113743202366948,15.629242662001651,overhead_excess,overhead_residual,1,low,operational
2022-06-07 11:00:00-06:00,2022-06-07 11:00:00-06:00,1,3.4625225195741796,-34.141682104879806,overhead_deficit,overhead_residual,1,low,operational
2022-06-10 17:00:00-06:00,2022-06-10 17:00:00-06:00,1,1.8345576053525212,15.523764454112111,overhead_excess,overhead_residual,1,low,operational
2022-06-10 19:00:00-06:00,2022-06-10 19:00:00-06:00,1,2.124526182666929,17.696263471390267,overhead_excess,overhead_residual,1,low,operational
2022-06-12 11:00:00-06:00,2022-06-12 11:00:00-06:00,1,1.8078084919003767,15.526780954163783,overhead_excess,overhead_residual,1,low,operational
2022-06-12 21:00:00-06:00,2022-06-13 06:00:00-06:00,10,6.931360840544847,-3521.814538488116,load_drop,load_change,1,medium,operational
2022-06-14 15:00:00-06:00,2022-06-14 15:00:00-06:00,1,,-30.888722222222228,overhead_deficit,overhead_residual,1,low,operational
2022-06-15 06:00:00-06:00,2022-06-15 08:00:00-06:00,3,5.907351729134883,-109.80133849407547,overhead_deficit,overhead_residual,1,medium,operational
2022-06-17 12:00:00-06:00,2022-06-17 14:00:00-06:00,3,4.407527441329553,75.26805559943931,overhead_excess,overhead_residual,1,medium,operational
2022-06-24 07:00:00-06:00,2022-06-24 11:00:00-06:00,5,10.352023160668605,-3672.3290816746553,load_drop,load_change,1,medium,operational
2022-06-26 16:00:00-06:00,2022-06-27 09:00:00-06:00,18,1.0,0.0,stuck_meter:cooling_kw,meter_fault,3,high,data_quality
2022-06-26 16:00:00-06:00,2022-06-28 11:00:00-06:00,44,6.958436523563361,-1331.465316391404,overhead_deficit,overhead_residual,3,high,operational
2022-06-26 16:00:00-06:00,2022-06-28 12:00:00-06:00,45,13.298436307983168,-46747.04506139504,load_drop,load_change,3,high,operational
2022-06-28 18:00:00-06:00,2022-06-29 06:00:00-06:00,13,4.745786035259131,-237.1885957433162,overhead_deficit,overhead_residual,1,medium,operational
2022-07-01 07:00:00-06:00,2022-07-01 11:00:00-06:00,5,7.313647024221921,-102.22424618139365,overhead_deficit,overhead_residual,1,medium,operational
2022-07-05 16:00:00-06:00,2022-07-05 16:00:00-06:00,1,4.022428745807409,11.643204817398335,overhead_excess,overhead_residual,1,low,operational
2022-07-24 11:00:00-06:00,2022-07-24 12:00:00-06:00,2,2.2503340746745217,36.60129891500942,overhead_excess,overhead_residual,1,low,operational
2022-07-25 19:00:00-06:00,2022-07-25 19:00:00-06:00,1,3.882281668560645,32.285902662557916,overhead_excess,overhead_residual,1,low,operational
2022-07-26 11:00:00-06:00,2022-07-26 17:00:00-06:00,7,3.708807337404133,188.293734047697,overhead_excess,overhead_residual,1,medium,operational
2022-07-26 19:00:00-06:00,2022-07-26 21:00:00-06:00,3,3.7834259930326537,89.90332772571608,overhead_excess,overhead_residual,1,medium,operational
2022-07-27 11:00:00-06:00,2022-07-27 22:00:00-06:00,12,3.8532245017775346,370.4600278559999,overhead_excess,overhead_residual,1,medium,operational
2022-08-13 12:00:00-06:00,2022-08-13 16:00:00-06:00,5,,125.96717847021847,overhead_excess,overhead_residual,1,medium,operational
2022-08-15 11:00:00-06:00,2022-08-15 13:00:00-06:00,3,,65.76330944451752,overhead_excess,overhead_residual,1,medium,operational
2022-08-15 15:00:00-06:00,2022-08-15 16:00:00-06:00,2,,51.69840530290951,overhead_excess,overhead_residual,1,low,operational
2022-09-06 11:00:00-06:00,2022-09-06 13:00:00-06:00,3,16.02825055527478,-77.39863292429564,overhead_deficit,overhead_residual,1,medium,operational
2022-09-11 06:00:00-06:00,2022-09-15 09:00:00-06:00,100,7.175563224974693,-1784.9043273018208,overhead_deficit,overhead_residual,1,medium,sustained_change
2022-09-15 14:00:00-06:00,2022-09-15 14:00:00-06:00,1,4.325296193518828,-14.390063218515593,overhead_deficit,overhead_residual,1,low,operational
2022-09-16 08:00:00-06:00,2022-09-16 08:00:00-06:00,1,4.581124054149295,10.214811758520057,overhead_excess,overhead_residual,1,low,operational
2022-09-19 08:00:00-06:00,2022-09-19 09:00:00-06:00,2,6.361074203953205,28.636791610666684,overhead_excess,overhead_residual,2,high,operational
2022-09-19 08:00:00-06:00,2022-09-19 09:00:00-06:00,2,22.126488423266416,-1399.3879556232782,load_drop,load_change,2,high,operational
2022-10-01 00:00:00-06:00,2022-10-01 00:00:00-06:00,1,10.023438530169074,-332.0432194090098,load_drop,load_change,1,low,operational
2022-10-03 01:00:00-06:00,2022-10-04 14:00:00-06:00,38,25.806638142427907,-29941.90506479748,load_drop,load_change,2,high,operational
2022-10-03 08:00:00-06:00,2022-10-03 09:00:00-06:00,2,,-42.06769716654557,overhead_deficit,overhead_residual,2,high,operational
2022-10-03 17:00:00-06:00,2022-10-04 14:00:00-06:00,22,,-533.828557625659,overhead_deficit,overhead_residual,2,high,operational
2022-10-04 21:00:00-06:00,2022-10-06 11:00:00-06:00,39,,-1396.6429497178385,overhead_deficit,overhead_residual,3,high,operational
2022-10-04 21:00:00-06:00,2022-10-06 10:00:00-06:00,38,1.0,0.0,overhead_underreport,meter_fault,3,high,data_quality
2022-10-04 21:00:00-06:00,2022-10-06 11:00:00-06:00,39,25.48246320478172,-26980.868629177225,load_drop,load_change,3,high,operational
2022-10-06 19:00:00-06:00,2022-10-06 20:00:00-06:00,2,6.5786927206605945,404.0189719082973,load_spike,load_change,1,low,operational
2022-10-07 03:00:00-06:00,2022-10-07 04:00:00-06:00,2,6.822946337464012,417.3760588686537,load_spike,load_change,1,low,operational
2022-10-07 10:00:00-06:00,2022-10-09 07:00:00-06:00,46,11.09090627024135,12614.82307423552,load_spike,load_change,1,medium,operational
2022-10-09 15:00:00-06:00,2022-10-10 01:00:00-06:00,11,8.215412267977023,2905.843482288113,load_spike,load_change,1,medium,operational
2022-10-18 06:00:00-06:00,2022-10-18 06:00:00-06:00,1,4.940241828041056,9.963073851832263,overhead_excess,overhead_residual,1,low,operational
2022-10-21 11:00:00-06:00,2022-10-21 13:00:00-06:00,3,4.967881499400743,22.839681150495764,overhead_excess,overhead_residual,1,medium,operational
2022-10-21 15:00:00-06:00,2022-10-21 15:00:00-06:00,1,4.498245586306534,7.4242504595446235,overhead_excess,overhead_residual,1,low,operational
2022-10-23 21:00:00-06:00,2022-10-23 21:00:00-06:00,1,4.153710823212501,11.140149081300201,overhead_excess,overhead_residual,1,low,operational
2022-11-01 12:00:00-06:00,2022-11-01 12:00:00-06:00,1,7.007675534843133,-28.046072768529875,overhead_deficit,overhead_residual,1,low,operational
2022-11-16 16:00:00-07:00,2022-11-16 16:00:00-07:00,1,4.72851808807306,-21.125887970339818,overhead_deficit,overhead_residual,1,low,operational
2022-12-05 04:00:00-07:00,2022-12-05 06:00:00-07:00,3,4.235928018970939,-914.333083333333,load_drop,load_change,1,medium,operational
2022-12-05 09:00:00-07:00,2022-12-05 09:00:00-07:00,1,4.11479366494238,-302.1108333333334,load_drop,load_change,1,low,operational
2022-12-05 11:00:00-07:00,2022-12-05 17:00:00-07:00,7,13.778718069998401,-6109.907565888913,load_drop,load_change,2,high,operational
2022-12-05 13:00:00-07:00,2022-12-05 17:00:00-07:00,5,7.73979420781386,-125.22726344541299,overhead_deficit,overhead_residual,2,high,operational
2022-12-06 18:00:00-07:00,2022-12-07 09:00:00-07:00,16,1.0,0.0,stuck_meter:cooling_kw,meter_fault,3,high,data_quality
2022-12-06 18:00:00-07:00,2022-12-07 13:00:00-07:00,20,14.33776921769646,-10724.166297878177,load_drop,load_change,3,high,operational
2022-12-06 18:00:00-07:00,2022-12-07 10:00:00-07:00,17,,-543.1505141025641,overhead_deficit,overhead_residual,3,high,operational
2022-12-29 02:00:00-07:00,2022-12-29 14:00:00-07:00,13,11.07157147250734,-10566.524392700405,load_drop,load_change,2,high,operational
2022-12-29 03:00:00-07:00,2022-12-29 10:00:00-07:00,8,0.7371812958846328,0.0,multivariate_outlier,isolation_forest,2,high,operational
2023-01-03 18:00:00-07:00,2023-01-03 18:00:00-07:00,1,7.761884832641055,-21.422155317839533,overhead_deficit,overhead_residual,1,low,operational
2023-01-05 07:00:00-07:00,2023-01-05 07:00:00-07:00,1,4.140816226227479,13.354162616818854,overhead_excess,overhead_residual,1,low,operational
2023-01-09 18:00:00-07:00,2023-01-10 07:00:00-07:00,14,9.55731563535736,-533.3064483674866,overhead_deficit,overhead_residual,2,high,operational
2023-01-09 19:00:00-07:00,2023-01-10 06:00:00-07:00,12,1.0,0.0,stuck_meter:cooling_kw,meter_fault,2,high,data_quality
2023-01-10 10:00:00-07:00,2023-01-10 10:00:00-07:00,1,6.747320102687102,-26.687860305032814,overhead_deficit,overhead_residual,1,low,operational
2023-02-07 11:00:00-07:00,2023-02-07 13:00:00-07:00,3,14.70871034438716,-94.04924053050266,overhead_deficit,overhead_residual,1,medium,operational
2023-02-27 15:00:00-07:00,2023-03-01 15:00:00-07:00,49,11.49090180445996,944.079339049932,overhead_excess,overhead_residual,1,medium,operational
2023-03-01 17:00:00-07:00,2023-03-02 07:00:00-07:00,15,7.813763620657086,340.664140891166,overhead_excess,overhead_residual,1,medium,operational
2023-03-07 10:00:00-07:00,2023-03-07 11:00:00-07:00,2,6.054504990877536,-45.79186637777595,overhead_deficit,overhead_residual,1,low,operational
2023-03-16 10:00:00-06:00,2023-03-16 11:00:00-06:00,2,5.836825297541684,48.05049391666761,overhead_excess,overhead_residual,1,low,operational
2023-03-25 04:00:00-06:00,2023-03-25 17:00:00-06:00,14,7.684541562197471,-312.5444446005464,overhead_deficit,overhead_residual,1,medium,operational
2023-03-27 10:00:00-06:00,2023-03-27 17:00:00-06:00,8,5.243557681716662,145.34935033560794,overhead_excess,overhead_residual,1,medium,operational
2023-03-27 19:00:00-06:00,2023-03-30 19:00:00-06:00,73,8.316959498161037,1576.7379126092665,overhead_excess,overhead_residual,1,medium,sustained_change
2023-03-30 21:00:00-06:00,2023-03-30 21:00:00-06:00,1,3.9406934765406847,16.098849686747037,overhead_excess,overhead_residual,1,low,operational
2023-03-31 00:00:00-06:00,2023-03-31 00:00:00-06:00,1,3.498964690146422,15.268977327927068,overhead_excess,overhead_residual,1,low,operational
2023-03-31 04:00:00-06:00,2023-03-31 09:00:00-06:00,6,3.808313705550919,97.02730098122186,overhead_excess,overhead_residual,1,medium,operational
2023-04-02 12:00:00-06:00,2023-04-02 13:00:00-06:00,2,5.621780321896939,-653.8809999999997,load_drop,load_change,1,low,operational
2023-04-03 00:00:00-06:00,2023-04-04 15:00:00-06:00,40,13.926883075093961,-23267.48981804895,load_drop,load_change,2,high,operational
2023-04-03 08:00:00-06:00,2023-04-03 09:00:00-06:00,2,3.9856124184887642,-34.48606062422125,overhead_deficit,overhead_residual,2,high,operational
2023-04-04 10:00:00-06:00,2023-04-04 10:00:00-06:00,1,10.034623015150752,-45.97685529371872,overhead_deficit,overhead_residual,2,high,operational
2023-04-04 17:00:00-06:00,2023-04-04 17:00:00-06:00,1,4.375125535198385,-312.6968333333332,load_drop,load_change,1,low,operational
2023-04-07 14:00:00-06:00,2023-04-10 14:00:00-06:00,73,5.601597854885284,-1703.9957473169325,overhead_deficit,overhead_residual,1,medium,sustained_change
2023-04-13 10:00:00-06:00,2023-04-14 09:00:00-06:00,24,10.94469553944978,17449.84390636254,load_spike,load_change,2,high,operational
2023-04-13 10:00:00-06:00,2023-04-13 11:00:00-06:00,2,4.114403746561369,34.16720249229622,overhead_excess,overhead_residual,2,high,operational
2023-04-14 13:00:00-06:00,2023-04-16 11:00:00-06:00,47,9.415555715692227,24765.3806060489,load_spike,load_change,1,medium,operational
2023-04-21 06:00:00-06:00,2023-04-21 08:00:00-06:00,3,5.857886705042213,-2464.4274745762705,load_drop,load_change,1,medium,operational
2023-04-26 05:00:00-06:00,2023-04-26 09:00:00-06:00,5,3.6646267746302583,-4201.967776272579,load_drop,load_change,1,medium,operational
2023-04-26 13:00:00-06:00,2023-04-26 14:00:00-06:00,2,3.1981431854059763,-1473.2366666666667,load_drop,load_change,1,low,operational
2023-05-02 10:00:00-06:00,2023-05-02 10:00:00-06:00,1,3.7520640227119966,-29.27991078882131,overhead_deficit,overhead_residual,1,low,operational
2023-05-05 13:00:00-06:00,2023-05-08 19:00:00-06:00,79,5.591447288674637,61678.89569448205,load_spike,load_change,1,medium,sustained_change
2023-05-09 11:00:00-06:00,2023-05-10 04:00:00-06:00,18,3.933536495427701,461.5796736658009,overhead_excess,overhead_residual,1,medium,operational
2023-05-10 09:00:00-06:00,2023-05-10 15:00:00-06:00,7,2.1835170468733196,118.61748098489771,overhead_excess,overhead_residual,1,medium,operational
2023-05-14 15:00:00-06:00,2023-05-14 16:00:00-06:00,2,1.779487866003531,32.443138537317196,overhead_excess,overhead_residual,1,low,operational
2023-05-14 18:00:00-06:00,2023-05-14 18:00:00-06:00,1,1.8411215804894057,17.07913319314322,overhead_excess,overhead_residual,1,low,operational
2023-05-16 09:00:00-06:00,2023-05-16 15:00:00-06:00,7,1.8189809529719883,124.44801931281089,overhead_excess,overhead_residual,1,medium,operational
2023-05-16 17:00:00-06:00,2023-05-16 18:00:00-06:00,2,1.5912794207308147,35.548116859144926,overhead_excess,overhead_residual,1,low,operational
2023-05-17 14:00:00-06:00,2023-05-17 19:00:00-06:00,6,1.4309700127562004,103.95357447588178,overhead_excess,overhead_residual,1,medium,operational
2023-05-18 11:00:00-06:00,2023-05-18 17:00:00-06:00,7,1.897141350215832,149.3554201707677,overhead_excess,overhead_residual,1,medium,operational
2023-05-23 04:00:00-06:00,2023-05-23 15:00:00-06:00,12,9.3112336337768,-11594.311919512944,load_drop,load_change,1,medium,operational
2023-05-23 18:00:00-06:00,2023-05-23 18:00:00-06:00,1,1.3884555128034708,17.477712046438413,overhead_excess,overhead_residual,1,low,operational
2023-05-24 10:00:00-06:00,2023-05-24 12:00:00-06:00,3,1.8492080789753589,64.16487587180792,overhead_excess,overhead_residual,1,medium,operational
2023-05-25 04:00:00-06:00,2023-05-25 05:00:00-06:00,2,2.2289248575003744,-32.436100079949526,overhead_deficit,overhead_residual,1,low,operational
2023-05-25 13:00:00-06:00,2023-05-25 17:00:00-06:00,5,2.365326449928924,118.10137035121755,overhead_excess,overhead_residual,1,medium,operational
2023-05-25 19:00:00-06:00,2023-05-25 19:00:00-06:00,1,1.8896569037022748,21.426370660947796,overhead_excess,overhead_residual,1,low,operational
2023-05-26 08:00:00-06:00,2023-05-26 23:00:00-06:00,16,2.5766958320369793,373.21259570608856,overhead_excess,overhead_residual,1,medium,operational
2023-05-27 09:00:00-06:00,2023-05-27 12:00:00-06:00,4,2.549463348378981,93.32094675094761,overhead_excess,overhead_residual,1,medium,operational
2023-05-27 17:00:00-06:00,2023-05-27 19:00:00-06:00,3,2.6058991686195574,72.46401259508747,overhead_excess,overhead_residual,1,medium,operational
2023-05-28 16:00:00-06:00,2023-05-28 18:00:00-06:00,3,2.3223783249546357,59.677208463806664,overhead_excess,overhead_residual,1,medium,operational
2023-05-29 13:00:00-06:00,2023-05-29 13:00:00-06:00,1,1.5357876614733428,17.753029231336527,overhead_excess,overhead_residual,1,low,operational
2023-05-29 17:00:00-06:00,2023-05-29 19:00:00-06:00,3,1.8358404612585604,56.67611458901057,overhead_excess,overhead_residual,1,medium,operational
2023-05-30 11:00:00-06:00,2023-05-30 12:00:00-06:00,2,1.6582990313978465,38.87198570538288,overhead_excess,overhead_residual,1,low,operational
2023-06-04 00:00:00-06:00,2023-06-06 20:00:00-06:00,69,7.453641954475535,-4292.307804131528,overhead_deficit,overhead_residual,3,high,operational
2023-06-04 00:00:00-06:00,2023-06-06 12:00:00-06:00,61,1.0,0.0,overhead_underreport,meter_fault,3,high,data_quality
2023-06-04 23:00:00-06:00,2023-06-06 12:00:00-06:00,38,14.183369163291301,-31721.113267912904,load_drop,load_change,3,high,operational
2023-06-07 10:00:00-06:00,2023-06-07 16:00:00-06:00,7,2.1217471931959992,185.81545206567435,overhead_excess,overhead_residual,1,medium,operational
2023-06-08 10:00:00-06:00,2023-06-08 19:00:00-06:00,10,2.132250040893453,268.44126531429345,overhead_excess,overhead_residual,1,medium,operational
2023-06-09 09:00:00-06:00,2023-06-09 09:00:00-06:00,1,1.3460641224066414,17.83244360420501,overhead_excess,overhead_residual,1,low,operational
2023-06-10 14:00:00-06:00,2023-06-10 15:00:00-06:00,2,1.9264176651773919,43.73242852436168,overhead_excess,overhead_residual,1,low,operational
2023-06-11 16:00:00-06:00,2023-06-11 17:00:00-06:00,2,1.889116024711554,38.849362963764975,overhead_excess,overhead_residual,1,low,operational
2023-06-11 19:00:00-06:00,2023-06-11 21:00:00-06:00,3,2.3192396770087393,65.30183312594774,overhead_excess,overhead_residual,1,medium,operational
2023-06-12 08:00:00-06:00,2023-06-12 10:00:00-06:00,3,2.3862073812380973,81.4943663487269,overhead_excess,overhead_residual,1,medium,operational
2023-06-12 12:00:00-06:00,2023-06-12 12:00:00-06:00,1,1.263294645158972,16.955114679299598,overhead_excess,overhead_residual,1,low,operational
2023-06-14 17:00:00-06:00,2023-06-14 19:00:00-06:00,3,1.559808435406837,60.18575713630436,overhead_excess,overhead_residual,1,medium,operational
2023-06-15 15:00:00-06:00,2023-06-15 16:00:00-06:00,2,1.6308549410673514,40.95077534810707,overhead_excess,overhead_residual,1,low,operational
2023-06-15 19:00:00-06:00,2023-06-15 21:00:00-06:00,3,2.0107721939694585,72.39565584249644,overhead_excess,overhead_residual,1,medium,operational
2023-06-18 12:00:00-06:00,2023-06-18 23:00:00-06:00,12,1.9375606223670374,248.1370523570979,overhead_excess,overhead_residual,1,medium,operational
2023-06-19 10:00:00-06:00,2023-06-19 11:00:00-06:00,2,1.480152654541907,36.4057013571513,overhead_excess,overhead_residual,1,low,operational
2023-06-19 13:00:00-06:00,2023-06-19 22:00:00-06:00,10,1.7274007989296882,196.82098375225013,overhead_excess,overhead_residual,1,medium,operational
2023-06-20 13:00:00-06:00,2023-06-20 14:00:00-06:00,2,1.6139409318903435,41.596807106234166,overhead_excess,overhead_residual,1,low,operational
2023-06-20 16:00:00-06:00,2023-06-20 20:00:00-06:00,5,1.540504705665589,98.45079571237389,overhead_excess,overhead_residual,1,medium,operational
2023-06-21 09:00:00-06:00,2023-06-22 04:00:00-06:00,20,2.6725707922165287,570.1904968593918,overhead_excess,overhead_residual,1,medium,operational
2023-06-22 08:00:00-06:00,2023-06-23 01:00:00-06:00,18,1.9643952549811818,446.1439010980123,overhead_excess,overhead_residual,1,medium,operational
2023-06-23 14:00:00-06:00,2023-06-23 14:00:00-06:00,1,1.034767958866429,18.532391412959697,overhead_excess,overhead_residual,1,low,operational
2023-06-23 19:00:00-06:00,2023-06-23 22:00:00-06:00,4,1.6226778932344186,94.09287326360044,overhead_excess,overhead_residual,1,medium,operational
2023-06-24 00:00:00-06:00,2023-06-24 08:00:00-06:00,9,1.891568383889103,-195.71255640259432,overhead_deficit,overhead_residual,1,medium,operational
2023-06-25 04:00:00-06:00,2023-06-25 06:00:00-06:00,3,1.7247329842138421,-68.39981598278946,overhead_deficit,overhead_residual,1,medium,operational
2023-06-26 04:00:00-06:00,2023-06-26 06:00:00-06:00,3,1.8785969217063248,-73.21211327126545,overhead_deficit,overhead_residual,1,medium,operational
2023-06-26 19:00:00-06:00,2023-06-26 20:00:00-06:00,2,12.477611005293447,-988.6661666666669,load_drop,load_change,1,low,operational
2023-06-27 02:00:00-06:00,2023-06-27 07:00:00-06:00,6,2.2906905622156355,-177.23400852908193,overhead_deficit,overhead_residual,2,high,operational
2023-06-27 04:00:00-06:00,2023-06-27 04:00:00-06:00,1,12.333257845236295,-490.71241666666674,load_drop,load_change,2,high,operational
2023-06-27 06:00:00-06:00,2023-06-27 06:00:00-06:00,1,12.38934197582248,-495.17841666666686,load_drop,load_change,2,high,operational
2023-06-30 06:00:00-06:00,2023-06-30 06:00:00-06:00,1,1.6413485127391103,-21.707563602888328,overhead_deficit,overhead_residual,1,low,operational
2023-06-30 10:00:00-06:00,2023-06-30 11:00:00-06:00,2,2.0398574240705534,-56.96512745139708,overhead_deficit,overhead_residual,1,low,operational
2023-07-01 00:00:00-06:00,2023-07-01 08:00:00-06:00,9,2.300397393667213,-256.3029238192255,overhead_deficit,overhead_residual,1,medium,operational
2023-07-02 02:00:00-06:00,2023-07-02 06:00:00-06:00,5,1.7580801441039282,-118.13169248330082,overhead_deficit,overhead_residual,1,medium,operational
2023-07-03 02:00:00-06:00,2023-07-03 07:00:00-06:00,6,2.3293577224339197,-156.49404201536902,overhead_deficit,overhead_residual,1,medium,operational
2023-07-04 02:00:00-06:00,2023-07-04 07:00:00-06:00,6,1.831021968798924,-139.22748304105215,overhead_deficit,overhead_residual,1,medium,operational
2023-07-05 02:00:00-06:00,2023-07-05 04:00:00-06:00,3,1.8180840290808407,-69.54072843640151,overhead_deficit,overhead_residual,1,medium,operational
2023-07-05 10:00:00-06:00,2023-07-05 10:00:00-06:00,1,18.20847488440954,-790.3247574030781,load_drop,load_change,2,high,operational
2023-07-05 10:00:00-06:00,2023-07-05 11:00:00-06:00,2,3.810403050806807,-82.12634869141947,overhead_deficit,overhead_residual,2,high,operational
2023-07-07 12:00:00-06:00,2023-07-07 12:00:00-06:00,1,11.560394577919062,491.7514968671676,load_spike,load_change,1,low,operational
2023-07-09 16:00:00-06:00,2023-07-10 09:00:00-06:00,18,18.07808555757604,-12901.170375615768,load_drop,load_change,2,high,operational
2023-07-10 03:00:00-06:00,2023-07-10 07:00:00-06:00,5,4.039440118902401,-193.0543179801582,overhead_deficit,overhead_residual,2,high,operational
2023-07-10 18:00:00-06:00,2023-07-10 18:00:00-06:00,1,12.430165922618146,518.6794293924468,load_spike,load_change,1,low,operational
2023-07-11 13:00:00-06:00,2023-07-11 15:00:00-06:00,3,15.221890826238615,1800.0177314814814,load_spike,load_change,1,medium,operational
2023-07-12 02:00:00-06:00,2023-07-12 03:00:00-06:00,2,2.083187981039467,-43.521796130006464,overhead_deficit,overhead_residual,1,low,operational
2023-07-14 10:00:00-06:00,2023-07-14 10:00:00-06:00,1,15.880833540701667,628.645833333333,load_spike,load_change,1,low,operational
2023-07-16 03:00:00-06:00,2023-07-16 07:00:00-06:00,5,3.1928548061274213,-151.51374239110405,overhead_deficit,overhead_residual,1,medium,operational
2023-07-17 03:00:00-06:00,2023-07-17 06:00:00-06:00,4,2.5711343545935694,-104.3834176989304,overhead_deficit,overhead_residual,1,medium,operational
2023-07-17 13:00:00-06:00,2023-07-18 09:00:00-06:00,21,17.639785319917646,14416.87467846659,load_spike,load_change,1,medium,operational
2023-07-18 13:00:00-06:00,2023-07-18 15:00:00-06:00,3,13.062536760722367,1669.5120660919533,load_spike,load_change,1,medium,operational
2023-07-18 19:00:00-06:00,2023-07-18 19:00:00-06:00,1,11.285658842597584,522.7752500000001,load_spike,load_change,1,low,operational
2023-07-18 22:00:00-06:00,2023-07-18 22:00:00-06:00,1,10.632172759346233,501.0794166666665,load_spike,load_change,1,low,operational
2023-07-22 03:00:00-06:00,2023-07-22 06:00:00-06:00,4,2.80334367450179,-95.9746494682834,overhead_deficit,overhead_residual,1,medium,operational
2023-07-24 05:00:00-06:00,2023-07-24 16:00:00-06:00,12,23.69826647563473,-15325.965514219868,load_drop,load_change,2,high,operational
2023-07-24 06:00:00-06:00,2023-07-24 07:00:00-06:00,2,4.098018046132352,-61.5617232533932,overhead_deficit,overhead_residual,2,high,operational
2023-07-25 07:00:00-06:00,2023-07-25 07:00:00-06:00,1,8.981691541187866,-610.22225,load_drop,load_change,1,low,operational
2023-08-06 08:00:00-06:00,2023-08-06 18:00:00-06:00,11,9.853867128370023,-442.59538224398995,overhead_deficit,overhead_residual,2,high,operational
2023-08-06 08:00:00-06:00,2023-08-07 09:00:00-06:00,26,16.10360023430756,-24702.86632810712,load_drop,load_change,2,high,operational
2023-08-06 22:00:00-06:00,2023-08-07 08:00:00-06:00,11,8.093580012133241,-394.6748161997101,overhead_deficit,overhead_residual,2,high,operational
2023-08-08 00:00:00-06:00,2023-08-08 07:00:00-06:00,8,5.911405386371958,-239.20248158047076,overhead_deficit,overhead_residual,1,medium,operational
2023-08-09 04:00:00-06:00,2023-08-09 08:00:00-06:00,5,4.649739517993523,-122.98965660001066,overhead_deficit,overhead_residual,1,medium,operational
2023-08-10 03:00:00-06:00,2023-08-11 10:00:00-06:00,32,10.472686576645083,-1398.383029187666,overhead_deficit,overhead_residual,1,medium,operational
2023-08-13 22:00:00-06:00,2023-08-14 09:00:00-06:00,12,4.458130251718194,-292.7375777064507,overhead_deficit,overhead_residual,1,medium,operational
2023-08-14 21:00:00-06:00,2023-08-15 07:00:00-06:00,11,5.086242259417833,-272.035997518027,overhead_deficit,overhead_residual,1,medium,operational
2023-08-22 07:00:00-06:00,2023-08-23 16:00:00-06:00,34,10.151800151114289,-1630.5332331360858,overhead_deficit,overhead_residual,2,high,operational
2023-08-22 08:00:00-06:00,2023-08-23 10:00:00-06:00,27,1.0,0.0,stuck_meter:cooling_kw,meter_fault,2,high,data_quality
2023-08-23 18:00:00-06:00,2023-08-24 08:00:00-06:00,15,4.5522053037797185,-367.1452324908189,overhead_deficit,overhead_residual,2,high,operational
2023-08-23 22:00:00-06:00,2023-08-23 22:00:00-06:00,1,6.224360780461598,510.7398333333331,load_spike,load_change,2,high,operational
2023-08-24 14:00:00-06:00,2023-08-24 15:00:00-06:00,2,8.628111516945236,-1443.095274774775,load_drop,load_change,2,high,operational
2023-08-24 15:00:00-06:00,2023-08-24 16:00:00-06:00,2,,-105.16375000000001,overhead_deficit,overhead_residual,2,high,operational
2023-08-29 06:00:00-06:00,2023-08-29 06:00:00-06:00,1,3.3211466316442126,-20.801684730514694,overhead_deficit,overhead_residual,1,low,operational
2023-08-29 12:00:00-06:00,2023-08-30 15:00:00-06:00,28,1.0,0.0,overhead_underreport,meter_fault,2,high,data_quality
2023-08-29 12:00:00-06:00,2023-08-30 16:00:00-06:00,29,13.286345947145819,-2510.541146804831,overhead_deficit,overhead_residual,2,high,operational
2023-08-30 20:00:00-06:00,2023-08-30 21:00:00-06:00,2,6.823425055254831,1173.6363917708086,load_spike,load_change,1,low,operational
2023-08-30 23:00:00-06:00,2023-08-31 06:00:00-06:00,8,10.655375155683117,6736.743844982897,load_spike,load_change,2,high,operational
2023-08-31 05:00:00-06:00,2023-08-31 07:00:00-06:00,3,3.565775450746734,-74.80591160575888,overhead_deficit,overhead_residual,2,high,operational
2023-08-31 14:00:00-06:00,2023-08-31 15:00:00-06:00,2,13.999607032975732,2434.261927809203,load_spike,load_change,1,low,operational
2023-08-31 17:00:00-06:00,2023-08-31 21:00:00-06:00,5,13.943132421380918,5910.88412721325,load_spike,load_change,1,medium,operational
2023-09-01 00:00:00-06:00,2023-09-01 06:00:00-06:00,7,3.914286186316462,-178.48717032448212,overhead_deficit,overhead_residual,1,medium,operational
2023-09-01 15:00:00-06:00,2023-09-01 15:00:00-06:00,1,9.351407430484468,990.8469824778244,load_spike,load_change,1,low,operational
2023-09-01 17:00:00-06:00,2023-09-01 20:00:00-06:00,4,11.622968562685989,4351.694218290609,load_spike,load_change,1,medium,operational
2023-09-01 22:00:00-06:00,2023-09-02 15:00:00-06:00,18,16.10119852205542,22329.59526228997,load_spike,load_change,1,medium,operational
2023-09-02 21:00:00-06:00,2023-09-03 01:00:00-06:00,5,13.504129162794527,6661.06669602546,load_spike,load_change,1,medium,operational
2023-09-03 07:00:00-06:00,2023-09-03 08:00:00-06:00,2,9.074046781224578,2434.805829019188,load_spike,load_change,1,low,operational
2023-09-04 07:00:00-06:00,2023-09-04 07:00:00-06:00,1,2.5324596801598274,-21.32077589709847,overhead_deficit,overhead_residual,1,low,operational
2023-09-04 19:00:00-06:00,2023-09-05 10:00:00-06:00,16,3.9085678781337845,-457.9254175617074,overhead_deficit,overhead_residual,1,medium,operational
2023-09-06 23:00:00-06:00,2023-09-07 08:00:00-06:00,10,4.2471637028464295,-283.7743519859121,overhead_deficit,overhead_residual,1,medium,operational
2023-09-07 21:00:00-06:00,2023-09-08 08:00:00-06:00,12,3.9223157362307535,-356.9070431282136,overhead_deficit,overhead_residual,1,medium,operational
2023-09-08 14:00:00-06:00,2023-09-09 02:00:00-06:00,13,7.317022116694808,11295.4002089074,load_spike,load_change,2,high,operational
2023-09-08 23:00:00-06:00,2023-09-09 10:00:00-06:00,12,3.622316680015415,-336.04266523860844,overhead_deficit,overhead_residual,2,high,operational
2023-09-10 03:00:00-06:00,2023-09-10 04:00:00-06:00,2,3.0202438994084857,-46.13732538632985,overhead_deficit,overhead_residual,1,low,operational
2023-09-11 12:00:00-06:00,2023-09-11 12:00:00-06:00,1,4.25979763573437,692.3966297049233,load_spike,load_change,1,low,operational
2023-09-11 15:00:00-06:00,2023-09-11 18:00:00-06:00,4,5.522030150430661,3382.479447352692,load_spike,load_change,1,medium,operational
2023-09-11 23:00:00-06:00,2023-09-12 08:00:00-06:00,10,3.5877184926972197,-245.26968343111741,overhead_deficit,overhead_residual,1,medium,operational
2023-09-12 20:00:00-06:00,2023-09-13 09:00:00-06:00,14,3.4287487750185055,-351.06496874724985,overhead_deficit,overhead_residual,1,medium,operational
2023-09-13 10:00:00-06:00,2023-09-13 13:00:00-06:00,4,5.426252536671673,3113.002707574889,load_spike,load_change,1,medium,operational
2023-09-13 15:00:00-06:00,2023-09-15 07:00:00-06:00,41,5.601955762713132,33739.12123716369,load_spike,load_change,2,high,operational
2023-09-13 21:00:00-06:00,2023-09-13 21:00:00-06:00,1,2.289892008644808,-20.270060089400772,overhead_deficit,overhead_residual,2,high,operational
2023-09-14 01:00:00-06:00,2023-09-14 02:00:00-06:00,2,2.1563627076336216,-37.012906931718405,overhead_deficit,overhead_residual,2,high,operational
2023-09-14 04:00:00-06:00,2023-09-14 06:00:00-06:00,3,2.3558403766735974,-57.16139898929043,overhead_deficit,overhead_residual,2,high,operational
2023-09-15 22:00:00-06:00,2023-09-16 08:00:00-06:00,11,2.9942887485493492,-246.23013801978945,overhead_deficit,overhead_residual,1,medium,operational
2023-09-16 21:00:00-06:00,2023-09-16 21:00:00-06:00,1,1.9404399454605192,-17.54969103278441,overhead_deficit,overhead_residual,1,low,operational
2023-09-16 23:00:00-06:00,2023-09-16 23:00:00-06:00,1,1.8862411695766383,-16.942244045416118,overhead_deficit,overhead_residual,1,low,operational
2023-09-17 01:00:00-06:00,2023-09-17 07:00:00-06:00,7,2.2109429471632365,-129.49907144018854,overhead_deficit,overhead_residual,1,medium,operational
2023-09-18 13:00:00-06:00,2023-09-18 18:00:00-06:00,6,3.516606293718275,110.61287752041036,overhead_excess,overhead_residual,1,medium,operational
2023-09-19 11:00:00-06:00,2023-09-19 11:00:00-06:00,1,3.2579017686793703,17.55532812807202,overhead_excess,overhead_residual,1,low,operational
2023-09-19 14:00:00-06:00,2023-09-19 16:00:00-06:00,3,3.369404506168516,54.12393307820959,overhead_excess,overhead_residual,1,medium,operational
2023-09-21 15:00:00-06:00,2023-09-21 16:00:00-06:00,2,2.8648334232294084,37.68776963441918,overhead_excess,overhead_residual,1,low,operational
2023-09-21 20:00:00-06:00,2023-09-21 21:00:00-06:00,2,2.878655484828178,37.00409198807428,overhead_excess,overhead_residual,1,low,operational
2023-09-22 13:00:00-06:00,2023-09-22 13:00:00-06:00,1,2.8464573822758106,17.388160036388,overhead_excess,overhead_residual,1,low,operational
2023-09-24 03:00:00-06:00,2023-09-24 05:00:00-06:00,3,1.635199424950561,-46.29191173545655,overhead_deficit,overhead_residual,1,medium,operational
2023-09-26 13:00:00-06:00,2023-09-26 17:00:00-06:00,5,2.9790934092951162,98.4729329805095,overhead_excess,overhead_residual,1,medium,operational
2023-09-27 10:00:00-06:00,2023-09-27 21:00:00-06:00,12,3.4564555015150247,276.96828228023236,overhead_excess,overhead_residual,1,medium,operational
2023-09-28 11:00:00-06:00,2023-09-28 18:00:00-06:00,8,3.312886472400224,197.44482500916212,overhead_excess,overhead_residual,1,medium,operational
2023-10-08 18:00:00-06:00,2023-10-08 19:00:00-06:00,2,4.799404611718896,1425.900431346578,load_spike,load_change,1,low,operational
2023-10-09 14:00:00-06:00,2023-10-09 18:00:00-06:00,5,3.617047349836889,106.64904442076026,overhead_excess,overhead_residual,2,high,operational
2023-10-09 14:00:00-06:00,2023-10-10 13:00:00-06:00,24,5.950307882456082,20654.66174151925,load_spike,load_change,2,high,operational
2023-10-11 11:00:00-06:00,2023-10-11 12:00:00-06:00,2,2.2111229643499533,33.80098537760197,overhead_excess,overhead_residual,1,low,operational
2023-10-11 14:00:00-06:00,2023-10-11 16:00:00-06:00,3,2.38924711034227,52.99285987008764,overhead_excess,overhead_residual,1,medium,operational
2023-10-16 16:00:00-06:00,2023-10-16 16:00:00-06:00,1,1.9312741378407823,15.93697787395297,overhead_excess,overhead_residual,1,low,operational
2023-10-17 11:00:00-06:00,2023-10-17 17:00:00-06:00,7,3.2412127932740615,159.51308988681484,overhead_excess,overhead_residual,1,medium,operational
2023-10-17 19:00:00-06:00,2023-10-17 19:00:00-06:00,1,1.948928641484174,16.216726913549884,overhead_excess,overhead_residual,1,low,operational
2023-10-19 13:00:00-06:00,2023-10-19 17:00:00-06:00,5,3.1410211869979627,120.81243102200669,overhead_excess,overhead_residual,1,medium,operational
2023-10-20 12:00:00-06:00,2023-10-20 16:00:00-06:00,5,2.562394456728301,91.41081464933879,overhead_excess,overhead_residual,1,medium,operational
2023-10-25 13:00:00-06:00,2023-10-25 17:00:00-06:00,5,2.236850959383775,90.3399090903913,overhead_excess,overhead_residual,1,medium,operational
2023-11-10 10:00:00-07:00,2023-11-10 10:00:00-07:00,1,5.780070548189774,32.25647703710881,overhead_excess,overhead_residual,1,low,operational
2023-11-29 17:00:00-07:00,2023-11-30 20:00:00-07:00,28,15.541210158515845,-44965.416004609775,load_drop,load_change,1,medium,operational
2023-12-01 00:00:00-07:00,2023-12-01 04:00:00-07:00,5,7.660631627694454,-4241.516192264366,load_drop,load_change,1,medium,operational
2023-12-12 13:00:00-07:00,2023-12-12 16:00:00-07:00,4,12.055243720177288,-5561.622924267522,load_drop,load_change,1,medium,operational
2023-12-12 19:00:00-07:00,2023-12-13 17:00:00-07:00,23,6.708236186488667,-21813.84409926799,load_drop,load_change,1,medium,operational
2023-12-13 19:00:00-07:00,2023-12-14 07:00:00-07:00,13,6.2015753736639585,-11886.088737583263,load_drop,load_change,1,medium,operational
2023-12-14 10:00:00-07:00,2023-12-15 09:00:00-07:00,24,9.739971987638373,-36028.94606379187,load_drop,load_change,1,medium,operational
2023-12-18 10:00:00-07:00,2023-12-19 19:00:00-07:00,34,5.610479890698022,27763.973542011663,load_spike,load_change,1,medium,operational
2023-12-21 14:00:00-07:00,2023-12-21 16:00:00-07:00,3,3.3778587454085343,50.13770555254757,overhead_excess,overhead_residual,1,medium,operational
2024-01-01 07:00:00-07:00,2024-01-01 07:00:00-07:00,1,3.742785860929077,-17.742380559534027,overhead_deficit,overhead_residual,1,low,operational
2024-01-03 09:00:00-07:00,2024-01-03 10:00:00-07:00,2,7.128547583365542,-3209.212467925423,load_drop,load_change,1,low,operational
2024-01-13 13:00:00-07:00,2024-01-15 11:00:00-07:00,47,14.483490435921812,1224.7666401902482,overhead_excess,overhead_residual,1,medium,operational
2024-01-15 15:00:00-07:00,2024-01-16 07:00:00-07:00,17,6.520278240308967,378.1535671462755,overhead_excess,overhead_residual,1,medium,operational
2024-01-28 14:00:00-07:00,2024-01-29 16:00:00-07:00,27,10.963954614837354,-33987.975644558916,load_drop,load_change,1,medium,operational
2024-01-31 18:00:00-07:00,2024-02-02 19:00:00-07:00,50,9.27084363418878,-50666.85186736204,load_drop,load_change,1,medium,operational
2024-02-07 08:00:00-07:00,2024-02-11 18:00:00-07:00,107,8.010958163717458,3022.5742338659666,overhead_excess,overhead_residual,2,high,sustained_change
2024-02-08 14:00:00-07:00,2024-02-09 15:00:00-07:00,26,11.757079714872306,21387.456008766818,load_spike,load_change,2,high,operational
2024-02-09 17:00:00-07:00,2024-02-09 22:00:00-07:00,6,7.02617767147522,3539.3398438059407,load_spike,load_change,2,high,operational
2024-02-10 01:00:00-07:00,2024-02-11 16:00:00-07:00,40,7.72961188085112,23723.93837759623,load_spike,load_change,2,high,operational
2024-02-11 20:00:00-07:00,2024-02-11 23:00:00-07:00,4,5.452090314678075,1917.3558980405294,load_spike,load_change,1,medium,operational
2024-02-13 14:00:00-07:00,2024-02-16 14:00:00-07:00,73,3.3156884928810095,-2004.1978735542502,overhead_deficit,overhead_residual,2,high,sustained_change
2024-02-13 20:00:00-07:00,2024-02-14 02:00:00-07:00,7,5.7132596253246755,5022.692134804625,load_spike,load_change,2,high,operational
2024-02-14 19:00:00-07:00,2024-02-17 16:00:00-07:00,70,8.851853510379284,70587.29726970011,load_spike,load_change,2,high,operational
2024-02-16 22:00:00-07:00,2024-02-16 23:00:00-07:00,2,1.7041024063478913,-37.73978694019324,overhead_deficit,overhead_residual,2,high,operational
2024-02-17 01:00:00-07:00,2024-02-17 02:00:00-07:00,2,1.664460159256232,-37.38162168914174,overhead_deficit,overhead_residual,2,high,operational
2024-02-17 09:00:00-07:00,2024-02-18 01:00:00-07:00,17,2.056947262607065,-385.9341277415724,overhead_deficit,overhead_residual,2,high,operational
2024-02-19 15:00:00-07:00,2024-02-19 15:00:00-07:00,1,1.8110527308699875,-15.108340938923305,overhead_deficit,overhead_residual,1,low,operational
2024-03-05 13:00:00-07:00,2024-03-05 14:00:00-07:00,2,3.249653570682291,-38.44089703380725,overhead_deficit,overhead_residual,1,low,operational
2024-03-28 10:00:00-06:00,2024-03-28 12:00:00-06:00,3,,-117.56942379802732,overhead_deficit,overhead_residual,1,medium,operational
2024-03-28 14:00:00-06:00,2024-04-01 17:00:00-06:00,100,47.50946421873385,18123.151413319778,overhead_excess,overhead_residual,1,medium,sustained_change
2024-04-06 15:00:00-06:00,2024-04-09 13:00:00-06:00,71,22.302405907475737,-209121.28749839394,load_drop,load_change,3,high,operational
2024-04-06 16:00:00-06:00,2024-04-07 10:00:00-06:00,19,2.815380165832648,-1006.4790921346387,overhead_deficit,overhead_residual,3,high,operational
2024-04-06 16:00:00-06:00,2024-04-08 17:00:00-06:00,50,0.76791801852934,0.0,multivariate_outlier,isolation_forest,3,high,operational
2024-04-07 18:00:00-06:00,2024-04-07 18:00:00-06:00,1,2.172562868489565,-44.02665852705289,overhead_deficit,overhead_residual,3,high,operational
2024-04-07 20:00:00-06:00,2024-04-08 08:00:00-06:00,13,2.7479582898040964,-693.6241105288246,overhead_deficit,overhead_residual,3,high,operational
2024-04-09 09:00:00-06:00,2024-04-09 09:00:00-06:00,1,2.453778793669476,-46.959156339937095,overhead_deficit,overhead_residual,2,high,operational
2024-04-12 05:00:00-06:00,2024-04-12 05:00:00-06:00,1,6.473441430651075,-671.7384696782631,load_drop,load_change,1,low,operational
2024-04-12 08:00:00-06:00,2024-04-12 18:00:00-06:00,11,19.912804351192083,-14847.634912225545,load_drop,load_change,3,high,operational
2024-04-12 13:00:00-06:00,2024-04-12 18:00:00-06:00,6,0.7699678616722452,0.0,multivariate_outlier,isolation_forest,3,high,operational
2024-04-12 15:00:00-06:00,2024-04-12 18:00:00-06:00,4,3.946026770425353,-325.6188673566962,overhead_deficit,overhead_residual,3,high,operational
2024-04-16 10:00:00-06:00,2024-04-16 18:00:00-06:00,9,,-1080.402471908327,overhead_deficit,overhead_residual,1,medium,operational
2024-04-20 11:00:00-06:00,2024-04-22 15:00:00-06:00,53,15.222284083571468,73459.47858606299,load_spike,load_change,2,high,operational
2024-04-21 09:00:00-06:00,2024-04-23 04:00:00-06:00,44,2.7233190696363927,2187.2805754852816,overhead_excess,overhead_residual,2,high,operational
2024-04-23 06:00:00-06:00,2024-04-23 10:00:00-06:00,5,1.9782707164808082,224.49081701685364,overhead_excess,overhead_residual,1,medium,operational
2024-05-29 00:00:00-06:00,2024-05-29 00:00:00-06:00,1,4.074326813092598,20.420208470293147,overhead_excess,overhead_residual,1,low,operational
2024-06-08 12:00:00-06:00,2024-06-08 18:00:00-06:00,7,5.948701296020194,279.3832610008378,overhead_excess,overhead_residual,1,medium,operational
2024-06-09 11:00:00-06:00,2024-06-09 19:00:00-06:00,9,5.548683164262075,372.76451211816953,overhead_excess,overhead_residual,1,medium,operational
2024-06-09 21:00:00-06:00,2024-06-10 00:00:00-06:00,4,5.619523857334473,177.32168691026237,overhead_excess,overhead_residual,1,medium,operational
2024-06-17 08:00:00-06:00,2024-06-17 18:00:00-06:00,11,4.714520626385205,-12059.304512145254,load_drop,load_change,2,high,operational
2024-06-17 08:00:00-06:00,2024-06-17 10:00:00-06:00,3,5.439045875727004,-155.41675255369333,overhead_deficit,overhead_residual,2,high,operational
2024-06-17 23:00:00-06:00,2024-06-18 23:00:00-06:00,25,4.933524362253404,-1219.7774582780212,overhead_deficit,overhead_residual,1,medium,operational
2024-06-19 02:00:00-06:00,2024-06-19 13:00:00-06:00,12,4.418419660013795,-553.2090502228986,overhead_deficit,overhead_residual,1,medium,operational
2024-06-28 09:00:00-06:00,2024-06-28 10:00:00-06:00,2,8.810284888592372,-2750.7188796858063,load_drop,load_change,1,low,operational
2024-07-28 08:00:00-06:00,2024-07-28 12:00:00-06:00,5,11.594996278050312,-3894.955823550823,load_drop,load_change,1,medium,operational
2024-07-28 22:00:00-06:00,2024-07-30 16:00:00-06:00,43,24.649712526372014,-55775.31773598318,load_drop,load_change,2,high,operational
2024-07-29 09:00:00-06:00,2024-07-29 17:00:00-06:00,9,0.7514138650191932,0.0,multivariate_outlier,isolation_forest,2,high,operational
2024-08-03 10:00:00-06:00,2024-08-03 13:00:00-06:00,4,3.8308916844909335,-198.89182260191194,overhead_deficit,overhead_residual,1,medium,operational
2024-08-03 17:00:00-06:00,2024-08-04 09:00:00-06:00,17,3.5542444031589615,-797.295400037453,overhead_deficit,overhead_residual,1,medium,operational
2024-08-29 17:00:00-06:00,2024-08-30 09:00:00-06:00,17,14.293662491811741,-19071.73871632742,load_drop,load_change,2,high,operational
2024-08-29 18:00:00-06:00,2024-08-29 19:00:00-06:00,2,0.7288105846351848,0.0,multivariate_outlier,isolation_forest,2,high,operational
2024-09-17 11:00:00-06:00,2024-09-18 08:00:00-06:00,22,5.441741484713115,661.2283015000278,overhead_excess,overhead_residual,1,medium,operational
2024-09-18 14:00:00-06:00,2024-09-18 14:00:00-06:00,1,4.120433725223033,27.91659854290606,overhead_excess,overhead_residual,1,low,operational
2024-09-18 16:00:00-06:00,2024-09-19 08:00:00-06:00,17,5.306014505165134,532.3284161952647,overhead_excess,overhead_residual,1,medium,operational
2024-09-19 17:00:00-06:00,2024-09-19 17:00:00-06:00,1,4.14357954957645,29.349135160520348,overhead_excess,overhead_residual,1,low,operational
2024-09-19 19:00:00-06:00,2024-09-20 06:00:00-06:00,12,4.732588004781523,382.85316668891573,overhead_excess,overhead_residual,1,medium,operational
2024-09-21 00:00:00-06:00,2024-09-21 00:00:00-06:00,1,4.1737406565002315,30.122220634056163,overhead_excess,overhead_residual,1,low,operational
2024-09-21 06:00:00-06:00,2024-09-21 06:00:00-06:00,1,4.201009055931485,30.542781145879303,overhead_excess,overhead_residual,1,low,operational
2024-09-30 12:00:00-06:00,2024-09-30 18:00:00-06:00,7,6.035498119223663,-5865.547747893885,load_drop,load_change,1,medium,operational
2024-10-03 07:00:00-06:00,2024-10-06 12:00:00-06:00,78,19.652408228733172,-7469.329511969821,overhead_deficit,overhead_residual,3,high,sustained_change
2024-10-03 07:00:00-06:00,2024-10-05 13:00:00-06:00,55,12.596745667159812,-92890.91806103992,load_drop,load_change,3,high,operational
2024-10-03 07:00:00-06:00,2024-10-04 18:00:00-06:00,36,0.7530981270966877,0.0,multivariate_outlier,isolation_forest,3,high,operational
2024-10-05 11:00:00-06:00,2024-10-05 12:00:00-06:00,2,0.7268822840029069,0.0,multivariate_outlier,isolation_forest,3,high,operational
2024-10-07 09:00:00-06:00,2024-10-11 20:00:00-06:00,108,14.370632599889468,7675.210704415561,overhead_excess,overhead_residual,3,high,sustained_change
2024-10-07 11:00:00-06:00,2024-10-13 05:00:00-06:00,139,32.94873145342738,164494.10973081316,load_spike,load_change,3,high,sustained_change
2024-10-09 18:00:00-06:00,2024-10-09 18:00:00-06:00,1,0.7261427409735197,0.0,multivariate_outlier,isolation_forest,3,high,operational
2024-10-10 07:00:00-06:00,2024-10-10 07:00:00-06:00,1,0.7241126200230772,0.0,multivariate_outlier,isolation_forest,3,high,operational
2024-12-09 02:00:00-07:00,2024-12-09 02:00:00-07:00,1,4.127643457108803,-608.3102790158694,load_drop,load_change,1,low,operational
2024-12-09 06:00:00-07:00,2024-12-11 15:00:00-07:00,58,11.251407315417566,-67227.90210967202,load_drop,load_change,2,high,operational
2024-12-09 09:00:00-07:00,2024-12-09 18:00:00-07:00,10,0.7500494119152653,0.0,multivariate_outlier,isolation_forest,2,high,operational
2024-12-10 07:00:00-07:00,2024-12-10 08:00:00-07:00,2,0.7310812161620088,0.0,multivariate_outlier,isolation_forest,2,high,operational
2024-12-12 10:00:00-07:00,2024-12-12 11:00:00-07:00,2,4.802108067677998,-2013.0723595536251,load_drop,load_change,2,high,operational
2024-12-12 11:00:00-07:00,2024-12-12 11:00:00-07:00,1,0.7292758087157677,0.0,multivariate_outlier,isolation_forest,2,high,operational
2024-12-12 22:00:00-07:00,2024-12-12 22:00:00-07:00,1,3.3067057132804476,-56.26077787788316,overhead_deficit,overhead_residual,1,low,operational
2024-12-13 10:00:00-07:00,2024-12-13 11:00:00-07:00,2,3.527849547723523,-109.68659107747499,overhead_deficit,overhead_residual,1,low,operational
2024-12-13 13:00:00-07:00,2024-12-13 19:00:00-07:00,7,3.7770498972541695,-437.6938297019356,overhead_deficit,overhead_residual,2,high,operational
2024-12-13 13:00:00-07:00,2024-12-15 23:00:00-07:00,59,5.944694291459074,63068.00372523486,load_spike,load_change,2,high,operational
2024-12-16 03:00:00-07:00,2024-12-16 07:00:00-07:00,5,2.657384551540638,3472.15277271883,load_spike,load_change,1,medium,operational
2024-12-16 10:00:00-07:00,2024-12-16 14:00:00-07:00,5,3.231636521877964,4317.316932896198,load_spike,load_change,1,medium,operational
2024-12-18 15:00:00-07:00,2024-12-18 16:00:00-07:00,2,0.7384607383240523,0.0,multivariate_outlier,isolation_forest,2,high,operational
2024-12-18 15:00:00-07:00,2024-12-18 18:00:00-07:00,4,2.849297795994325,-5929.448011185448,load_drop,load_change,2,high,operational
2024-12-19 17:00:00-07:00,2024-12-23 03:00:00-07:00,83,3.018419013153984,-138812.8818032551,load_drop,load_change,3,high,sustained_change
2024-12-19 18:00:00-07:00,2024-12-20 13:00:00-07:00,20,0.7547728795420975,0.0,multivariate_outlier,isolation_forest,3,high,operational
2024-12-19 18:00:00-07:00,2024-12-19 18:00:00-07:00,1,1.945903324627957,-40.91692646005387,overhead_deficit,overhead_residual,3,high,operational
2024-12-19 23:00:00-07:00,2024-12-20 09:00:00-07:00,11,2.0656698523560144,-475.2418147795306,overhead_deficit,overhead_residual,3,high,operational
2024-12-20 11:00:00-07:00,2024-12-21 23:00:00-07:00,37,2.725315419826014,-1829.9939934369377,overhead_deficit,overhead_residual,3,high,operational
2024-12-20 16:00:00-07:00,2024-12-21 16:00:00-07:00,25,0.754130575859771,0.0,multivariate_outlier,isolation_forest,3,high,operational
2024-12-22 04:00:00-07:00,2024-12-22 04:00:00-07:00,1,1.4558520994075426,-38.240740421919725,overhead_deficit,overhead_residual,3,high,operational
2024-12-22 04:00:00-07:00,2024-12-22 04:00:00-07:00,1,0.7334379386455162,0.0,multivariate_outlier,isolation_forest,3,high,operational
2024-12-22 07:00:00-07:00,2024-12-22 15:00:00-07:00,9,1.4596369262477793,-352.78978491542307,overhead_deficit,overhead_residual,3,high,operational
2024-12-22 09:00:00-07:00,2024-12-22 20:00:00-07:00,12,0.7339343406282159,0.0,multivariate_outlier,isolation_forest,3,high,operational
2024-12-22 17:00:00-07:00,2024-12-23 04:00:00-07:00,12,1.389854412230485,-461.8540096344735,overhead_deficit,overhead_residual,3,high,operational
2024-12-23 06:00:00-07:00,2024-12-23 09:00:00-07:00,4,1.4008588666797135,-178.98457463672875,overhead_deficit,overhead_residual,1,medium,operational
2024-12-23 11:00:00-07:00,2024-12-27 07:00:00-07:00,93,8.965248301970508,148727.29683886518,load_spike,load_change,1,medium,sustained_change
2024-12-31 12:00:00-07:00,2024-12-31 13:00:00-07:00,2,0.9507051492326591,-84.15479997653216,overhead_deficit,overhead_residual,1,low,operational
2025-01-21 00:00:00-07:00,2025-01-21 00:00:00-07:00,1,2.39392566165609,33.77019271682528,overhead_excess,overhead_residual,1,low,operational
2025-02-19 05:00:00-07:00,2025-02-19 08:00:00-07:00,4,5.573945489965297,94.71087500944193,overhead_excess,overhead_residual,1,medium,operational
2025-03-26 20:00:00-06:00,2025-03-28 15:00:00-06:00,44,11.751215857512463,-40347.67939016834,load_drop,load_change,1,medium,operational
2025-04-26 14:00:00-06:00,2025-04-26 14:00:00-06:00,1,4.154962140614454,23.751736402175254,overhead_excess,overhead_residual,1,low,operational
2025-04-26 17:00:00-06:00,2025-04-26 17:00:00-06:00,1,4.001261154387051,23.13680223278962,overhead_excess,overhead_residual,1,low,operational
2025-05-23 16:00:00-06:00,2025-05-23 18:00:00-06:00,3,6.413484492381839,118.53560890123237,overhead_excess,overhead_residual,1,medium,operational
2025-05-24 10:00:00-06:00,2025-05-24 17:00:00-06:00,8,6.47558138797831,334.97886444242795,overhead_excess,overhead_residual,1,medium,operational
2025-05-31 19:00:00-06:00,2025-05-31 20:00:00-06:00,2,4.812045342815276,56.537158683853335,overhead_excess,overhead_residual,1,low,operational
2025-06-01 11:00:00-06:00,2025-06-01 12:00:00-06:00,2,6.004383785822029,81.24738539248366,overhead_excess,overhead_residual,1,low,operational
2025-06-13 14:00:00-06:00,2025-06-13 14:00:00-06:00,1,4.294885182074876,35.25805400475659,overhead_excess,overhead_residual,1,low,operational
2025-06-14 11:00:00-06:00,2025-06-14 11:00:00-06:00,1,4.172059834781792,36.162232623254766,overhead_excess,overhead_residual,1,low,operational
2025-06-15 14:00:00-06:00,2025-06-15 14:00:00-06:00,1,4.042092385781746,37.57029978424089,overhead_excess,overhead_residual,1,low,operational
2025-06-15 18:00:00-06:00,2025-06-15 18:00:00-06:00,1,3.9053043613934384,37.63640306598273,overhead_excess,overhead_residual,1,low,operational
2025-06-16 21:00:00-06:00,2025-06-16 22:00:00-06:00,2,4.326980002426259,76.56108134659044,overhead_excess,overhead_residual,1,low,operational
2025-06-17 03:00:00-06:00,2025-06-17 05:00:00-06:00,3,5.452722726753352,134.24398610055408,overhead_excess,overhead_residual,1,medium,operational
2025-06-20 05:00:00-06:00,2025-06-20 11:00:00-06:00,7,11.255093506173385,-593.7964128898637,overhead_deficit,overhead_residual,3,high,operational
2025-06-20 06:00:00-06:00,2025-06-20 07:00:00-06:00,2,8.833656778365183,-1928.7692695697347,load_drop,load_change,2,high,operational
2025-06-20 10:00:00-06:00,2025-06-20 11:00:00-06:00,2,0.7679593851412834,0.0,multivariate_outlier,isolation_forest,3,high,operational
2025-06-20 10:00:00-06:00,2025-06-20 14:00:00-06:00,5,16.974649877293494,-8106.558341395653,load_drop,load_change,3,high,operational
2025-06-22 18:00:00-06:00,2025-06-22 20:00:00-06:00,3,3.354525791311331,114.8154426202594,overhead_excess,overhead_residual,1,medium,operational
2025-06-25 19:00:00-06:00,2025-06-26 13:00:00-06:00,19,15.11494981989413,-31875.703725897496,load_drop,load_change,3,high,operational
2025-06-26 06:00:00-06:00,2025-06-26 13:00:00-06:00,8,6.380094759392642,-463.908301992268,overhead_deficit,overhead_residual,3,high,operational
2025-06-26 07:00:00-06:00,2025-06-26 13:00:00-06:00,7,0.7642385393338,0.0,multivariate_outlier,isolation_forest,3,high,operational
2025-06-30 12:00:00-06:00,2025-06-30 13:00:00-06:00,2,,-138.87328584628216,overhead_deficit,overhead_residual,1,low,operational
2025-07-04 12:00:00-06:00,2025-07-04 22:00:00-06:00,11,17.882833881527475,14484.886672355986,load_spike,load_change,1,medium,operational
2025-07-05 11:00:00-06:00,2025-07-05 17:00:00-06:00,7,5.432054064078408,305.35119221071534,overhead_excess,overhead_residual,1,medium,operational
2025-07-05 19:00:00-06:00,2025-07-05 20:00:00-06:00,2,3.1740415625098897,63.00559966388187,overhead_excess,overhead_residual,1,low,operational
2025-07-06 09:00:00-06:00,2025-07-06 19:00:00-06:00,11,4.90746769794213,456.0126246319112,overhead_excess,overhead_residual,1,medium,operational
2025-07-07 10:00:00-06:00,2025-07-07 12:00:00-06:00,3,3.7949397778977807,122.40164922709161,overhead_excess,overhead_residual,1,medium,operational
2025-07-13 14:00:00-06:00,2025-07-13 14:00:00-06:00,1,,32.73866491249589,overhead_excess,overhead_residual,1,low,operational
2025-07-13 16:00:00-06:00,2025-07-13 19:00:00-06:00,4,,136.3905656062535,overhead_excess,overhead_residual,1,medium,operational
2025-07-16 05:00:00-06:00,2025-07-16 07:00:00-06:00,3,3.47134277366337,99.90592584805705,overhead_excess,overhead_residual,1,medium,operational
2025-07-16 10:00:00-06:00,2025-07-16 10:00:00-06:00,1,3.3110068686988927,37.50745917714221,overhead_excess,overhead_residual,1,low,operational
2025-07-16 13:00:00-06:00,2025-07-16 15:00:00-06:00,3,3.0413451966859966,101.25173100177605,overhead_excess,overhead_residual,1,medium,operational
2025-07-16 18:00:00-06:00,2025-07-16 19:00:00-06:00,2,3.400275098478398,75.32860008389116,overhead_excess,overhead_residual,1,low,operational
2025-07-29 01:00:00-06:00,2025-07-29 16:00:00-06:00,16,3.877160937976239,693.498758875386,overhead_excess,overhead_residual,1,medium,operational
2025-08-07 18:00:00-06:00,2025-08-07 19:00:00-06:00,2,3.354145058591717,77.25558001287985,overhead_excess,overhead_residual,1,low,operational
2025-08-08 10:00:00-06:00,2025-08-09 00:00:00-06:00,15,4.808161070750926,649.0338633079291,overhead_excess,overhead_residual,1,medium,operational
2025-08-09 10:00:00-06:00,2025-08-10 02:00:00-06:00,17,4.87216533331291,904.310591061665,overhead_excess,overhead_residual,1,medium,operational
2025-08-10 14:00:00-06:00,2025-08-10 23:00:00-06:00,10,4.355730819751642,517.6383912046375,overhead_excess,overhead_residual,1,medium,operational
2025-08-11 11:00:00-06:00,2025-08-11 13:00:00-06:00,3,3.269275961307705,119.17144616494909,overhead_excess,overhead_residual,1,medium,operational
2025-08-12 13:00:00-06:00,2025-08-12 20:00:00-06:00,8,2.844025145951608,309.53695650877205,overhead_excess,overhead_residual,1,medium,operational
