trial,kind,detector,detail,start,duration_h,magnitude,detected,delay_h
0,overhead_excess,overhead_residual,cooling_kw,2025-04-26 18:00:00-06:00,20,0.15823400367459012,True,0.0
0,overhead_excess,load_change,cooling_kw,2025-04-26 18:00:00-06:00,20,0.15823400367459012,False,
0,overhead_excess,isolation_forest,cooling_kw,2025-04-26 18:00:00-06:00,20,0.15823400367459012,False,
0,overhead_excess,meter_fault,cooling_kw,2025-04-26 18:00:00-06:00,20,0.15823400367459012,False,
0,outage,overhead_residual,it_power_kw,2025-08-24 14:00:00-06:00,14,0.3675892016347,False,
0,outage,load_change,it_power_kw,2025-08-24 14:00:00-06:00,14,0.3675892016347,True,0.0
0,outage,isolation_forest,it_power_kw,2025-08-24 14:00:00-06:00,14,0.3675892016347,False,
0,outage,meter_fault,it_power_kw,2025-08-24 14:00:00-06:00,14,0.3675892016347,False,
0,stuck_meter,overhead_residual,pump_kw,2025-01-22 05:00:00-07:00,19,0.0,False,
0,stuck_meter,load_change,pump_kw,2025-01-22 05:00:00-07:00,19,0.0,False,
0,stuck_meter,isolation_forest,pump_kw,2025-01-22 05:00:00-07:00,19,0.0,False,
0,stuck_meter,meter_fault,pump_kw,2025-01-22 05:00:00-07:00,19,0.0,True,0.0
0,meter_dropout,overhead_residual,hvac_kw,2025-05-10 12:00:00-06:00,55,0.0,True,0.0
0,meter_dropout,load_change,hvac_kw,2025-05-10 12:00:00-06:00,55,0.0,False,
0,meter_dropout,isolation_forest,hvac_kw,2025-05-10 12:00:00-06:00,55,0.0,False,
0,meter_dropout,meter_fault,hvac_kw,2025-05-10 12:00:00-06:00,55,0.0,True,0.0
1,overhead_excess,overhead_residual,cooling_kw,2025-08-16 16:00:00-06:00,12,0.3677091649757071,True,0.0
1,overhead_excess,load_change,cooling_kw,2025-08-16 16:00:00-06:00,12,0.3677091649757071,False,
1,overhead_excess,isolation_forest,cooling_kw,2025-08-16 16:00:00-06:00,12,0.3677091649757071,False,
1,overhead_excess,meter_fault,cooling_kw,2025-08-16 16:00:00-06:00,12,0.3677091649757071,False,
1,outage,overhead_residual,it_power_kw,2025-05-05 12:00:00-06:00,21,0.38270156060678684,False,
1,outage,load_change,it_power_kw,2025-05-05 12:00:00-06:00,21,0.38270156060678684,True,0.0
1,outage,isolation_forest,it_power_kw,2025-05-05 12:00:00-06:00,21,0.38270156060678684,False,
1,outage,meter_fault,it_power_kw,2025-05-05 12:00:00-06:00,21,0.38270156060678684,False,
1,stuck_meter,overhead_residual,cooling_kw,2025-02-26 13:00:00-07:00,45,0.0,False,
1,stuck_meter,load_change,cooling_kw,2025-02-26 13:00:00-07:00,45,0.0,False,
1,stuck_meter,isolation_forest,cooling_kw,2025-02-26 13:00:00-07:00,45,0.0,False,
1,stuck_meter,meter_fault,cooling_kw,2025-02-26 13:00:00-07:00,45,0.0,True,0.0
1,meter_dropout,overhead_residual,hvac_kw,2025-03-10 00:00:00-06:00,40,0.0,True,0.0
1,meter_dropout,load_change,hvac_kw,2025-03-10 00:00:00-06:00,40,0.0,False,
1,meter_dropout,isolation_forest,hvac_kw,2025-03-10 00:00:00-06:00,40,0.0,False,
1,meter_dropout,meter_fault,hvac_kw,2025-03-10 00:00:00-06:00,40,0.0,True,0.0
2,overhead_excess,overhead_residual,cooling_kw,2025-03-03 16:00:00-07:00,19,0.3354702161301272,True,0.0
2,overhead_excess,load_change,cooling_kw,2025-03-03 16:00:00-07:00,19,0.3354702161301272,False,
2,overhead_excess,isolation_forest,cooling_kw,2025-03-03 16:00:00-07:00,19,0.3354702161301272,False,
2,overhead_excess,meter_fault,cooling_kw,2025-03-03 16:00:00-07:00,19,0.3354702161301272,False,
2,outage,overhead_residual,it_power_kw,2025-08-16 05:00:00-06:00,4,0.5360565342493575,False,
2,outage,load_change,it_power_kw,2025-08-16 05:00:00-06:00,4,0.5360565342493575,True,0.0
2,outage,isolation_forest,it_power_kw,2025-08-16 05:00:00-06:00,4,0.5360565342493575,False,
2,outage,meter_fault,it_power_kw,2025-08-16 05:00:00-06:00,4,0.5360565342493575,False,
2,stuck_meter,overhead_residual,cooling_kw,2025-05-08 00:00:00-06:00,40,0.0,False,
2,stuck_meter,load_change,cooling_kw,2025-05-08 00:00:00-06:00,40,0.0,False,
2,stuck_meter,isolation_forest,cooling_kw,2025-05-08 00:00:00-06:00,40,0.0,False,
2,stuck_meter,meter_fault,cooling_kw,2025-05-08 00:00:00-06:00,40,0.0,True,0.0
2,meter_dropout,overhead_residual,hvac_kw,2025-01-28 21:00:00-07:00,68,0.0,True,0.0
2,meter_dropout,load_change,hvac_kw,2025-01-28 21:00:00-07:00,68,0.0,False,
2,meter_dropout,isolation_forest,hvac_kw,2025-01-28 21:00:00-07:00,68,0.0,False,
2,meter_dropout,meter_fault,hvac_kw,2025-01-28 21:00:00-07:00,68,0.0,True,0.0
3,overhead_excess,overhead_residual,cooling_kw,2025-07-19 19:00:00-06:00,16,0.39538056712820757,True,0.0
3,overhead_excess,load_change,cooling_kw,2025-07-19 19:00:00-06:00,16,0.39538056712820757,False,
3,overhead_excess,isolation_forest,cooling_kw,2025-07-19 19:00:00-06:00,16,0.39538056712820757,False,
3,overhead_excess,meter_fault,cooling_kw,2025-07-19 19:00:00-06:00,16,0.39538056712820757,False,
3,outage,overhead_residual,it_power_kw,2025-02-14 12:00:00-07:00,18,0.343821691666627,False,
3,outage,load_change,it_power_kw,2025-02-14 12:00:00-07:00,18,0.343821691666627,True,0.0
3,outage,isolation_forest,it_power_kw,2025-02-14 12:00:00-07:00,18,0.343821691666627,False,
3,outage,meter_fault,it_power_kw,2025-02-14 12:00:00-07:00,18,0.343821691666627,False,
3,stuck_meter,overhead_residual,pump_kw,2025-02-26 12:00:00-07:00,46,0.0,False,
3,stuck_meter,load_change,pump_kw,2025-02-26 12:00:00-07:00,46,0.0,False,
3,stuck_meter,isolation_forest,pump_kw,2025-02-26 12:00:00-07:00,46,0.0,False,
3,stuck_meter,meter_fault,pump_kw,2025-02-26 12:00:00-07:00,46,0.0,True,0.0
3,meter_dropout,overhead_residual,hvac_kw,2025-06-07 16:00:00-06:00,36,0.0,True,0.0
3,meter_dropout,load_change,hvac_kw,2025-06-07 16:00:00-06:00,36,0.0,False,
3,meter_dropout,isolation_forest,hvac_kw,2025-06-07 16:00:00-06:00,36,0.0,False,
3,meter_dropout,meter_fault,hvac_kw,2025-06-07 16:00:00-06:00,36,0.0,True,0.0
4,overhead_excess,overhead_residual,cooling_kw,2025-01-29 17:00:00-07:00,14,0.25524970733276475,True,0.0
4,overhead_excess,load_change,cooling_kw,2025-01-29 17:00:00-07:00,14,0.25524970733276475,False,
4,overhead_excess,isolation_forest,cooling_kw,2025-01-29 17:00:00-07:00,14,0.25524970733276475,False,
4,overhead_excess,meter_fault,cooling_kw,2025-01-29 17:00:00-07:00,14,0.25524970733276475,False,
4,outage,overhead_residual,it_power_kw,2025-07-30 14:00:00-06:00,18,0.5386349857402088,False,
4,outage,load_change,it_power_kw,2025-07-30 14:00:00-06:00,18,0.5386349857402088,True,0.0
4,outage,isolation_forest,it_power_kw,2025-07-30 14:00:00-06:00,18,0.5386349857402088,False,
4,outage,meter_fault,it_power_kw,2025-07-30 14:00:00-06:00,18,0.5386349857402088,False,
4,stuck_meter,overhead_residual,cooling_kw,2025-04-02 02:00:00-06:00,39,0.0,False,
4,stuck_meter,load_change,cooling_kw,2025-04-02 02:00:00-06:00,39,0.0,False,
4,stuck_meter,isolation_forest,cooling_kw,2025-04-02 02:00:00-06:00,39,0.0,False,
4,stuck_meter,meter_fault,cooling_kw,2025-04-02 02:00:00-06:00,39,0.0,True,0.0
4,meter_dropout,overhead_residual,hvac_kw,2025-05-17 05:00:00-06:00,67,0.0,True,0.0
4,meter_dropout,load_change,hvac_kw,2025-05-17 05:00:00-06:00,67,0.0,False,
4,meter_dropout,isolation_forest,hvac_kw,2025-05-17 05:00:00-06:00,67,0.0,False,
4,meter_dropout,meter_fault,hvac_kw,2025-05-17 05:00:00-06:00,67,0.0,True,0.0
5,overhead_excess,overhead_residual,cooling_kw,2025-05-08 03:00:00-06:00,8,0.3755029665615557,True,0.0
5,overhead_excess,load_change,cooling_kw,2025-05-08 03:00:00-06:00,8,0.3755029665615557,False,
5,overhead_excess,isolation_forest,cooling_kw,2025-05-08 03:00:00-06:00,8,0.3755029665615557,False,
5,overhead_excess,meter_fault,cooling_kw,2025-05-08 03:00:00-06:00,8,0.3755029665615557,False,
5,outage,overhead_residual,it_power_kw,2025-06-03 10:00:00-06:00,7,0.40014257544054577,False,
5,outage,load_change,it_power_kw,2025-06-03 10:00:00-06:00,7,0.40014257544054577,True,0.0
5,outage,isolation_forest,it_power_kw,2025-06-03 10:00:00-06:00,7,0.40014257544054577,False,
5,outage,meter_fault,it_power_kw,2025-06-03 10:00:00-06:00,7,0.40014257544054577,False,
5,stuck_meter,overhead_residual,cooling_kw,2025-02-23 23:00:00-07:00,26,0.0,False,
5,stuck_meter,load_change,cooling_kw,2025-02-23 23:00:00-07:00,26,0.0,False,
5,stuck_meter,isolation_forest,cooling_kw,2025-02-23 23:00:00-07:00,26,0.0,False,
5,stuck_meter,meter_fault,cooling_kw,2025-02-23 23:00:00-07:00,26,0.0,True,0.0
5,meter_dropout,overhead_residual,hvac_kw,2025-03-20 01:00:00-06:00,38,0.0,True,0.0
5,meter_dropout,load_change,hvac_kw,2025-03-20 01:00:00-06:00,38,0.0,False,
5,meter_dropout,isolation_forest,hvac_kw,2025-03-20 01:00:00-06:00,38,0.0,False,
5,meter_dropout,meter_fault,hvac_kw,2025-03-20 01:00:00-06:00,38,0.0,True,0.0
6,overhead_excess,overhead_residual,cooling_kw,2025-03-02 22:00:00-07:00,8,0.39040821144491783,True,0.0
6,overhead_excess,load_change,cooling_kw,2025-03-02 22:00:00-07:00,8,0.39040821144491783,False,
6,overhead_excess,isolation_forest,cooling_kw,2025-03-02 22:00:00-07:00,8,0.39040821144491783,False,
6,overhead_excess,meter_fault,cooling_kw,2025-03-02 22:00:00-07:00,8,0.39040821144491783,False,
6,outage,overhead_residual,it_power_kw,2025-08-13 03:00:00-06:00,19,0.4089262362122497,True,7.0
6,outage,load_change,it_power_kw,2025-08-13 03:00:00-06:00,19,0.4089262362122497,True,0.0
6,outage,isolation_forest,it_power_kw,2025-08-13 03:00:00-06:00,19,0.4089262362122497,False,
6,outage,meter_fault,it_power_kw,2025-08-13 03:00:00-06:00,19,0.4089262362122497,False,
6,stuck_meter,overhead_residual,pump_kw,2025-04-29 02:00:00-06:00,42,0.0,False,
6,stuck_meter,load_change,pump_kw,2025-04-29 02:00:00-06:00,42,0.0,False,
6,stuck_meter,isolation_forest,pump_kw,2025-04-29 02:00:00-06:00,42,0.0,False,
6,stuck_meter,meter_fault,pump_kw,2025-04-29 02:00:00-06:00,42,0.0,True,0.0
6,meter_dropout,overhead_residual,hvac_kw,2025-04-04 13:00:00-06:00,40,0.0,True,0.0
6,meter_dropout,load_change,hvac_kw,2025-04-04 13:00:00-06:00,40,0.0,False,
6,meter_dropout,isolation_forest,hvac_kw,2025-04-04 13:00:00-06:00,40,0.0,False,
6,meter_dropout,meter_fault,hvac_kw,2025-04-04 13:00:00-06:00,40,0.0,True,0.0
7,overhead_excess,overhead_residual,cooling_kw,2025-04-21 21:00:00-06:00,7,0.1988141754818892,True,0.0
7,overhead_excess,load_change,cooling_kw,2025-04-21 21:00:00-06:00,7,0.1988141754818892,False,
7,overhead_excess,isolation_forest,cooling_kw,2025-04-21 21:00:00-06:00,7,0.1988141754818892,False,
7,overhead_excess,meter_fault,cooling_kw,2025-04-21 21:00:00-06:00,7,0.1988141754818892,False,
7,outage,overhead_residual,it_power_kw,2025-07-24 14:00:00-06:00,14,0.3180517817980836,True,0.0
7,outage,load_change,it_power_kw,2025-07-24 14:00:00-06:00,14,0.3180517817980836,True,0.0
7,outage,isolation_forest,it_power_kw,2025-07-24 14:00:00-06:00,14,0.3180517817980836,True,0.0
7,outage,meter_fault,it_power_kw,2025-07-24 14:00:00-06:00,14,0.3180517817980836,False,
7,stuck_meter,overhead_residual,pump_kw,2025-06-03 13:00:00-06:00,34,0.0,False,
7,stuck_meter,load_change,pump_kw,2025-06-03 13:00:00-06:00,34,0.0,False,
7,stuck_meter,isolation_forest,pump_kw,2025-06-03 13:00:00-06:00,34,0.0,False,
7,stuck_meter,meter_fault,pump_kw,2025-06-03 13:00:00-06:00,34,0.0,True,0.0
7,meter_dropout,overhead_residual,hvac_kw,2025-05-04 07:00:00-06:00,37,0.0,True,0.0
7,meter_dropout,load_change,hvac_kw,2025-05-04 07:00:00-06:00,37,0.0,False,
7,meter_dropout,isolation_forest,hvac_kw,2025-05-04 07:00:00-06:00,37,0.0,False,
7,meter_dropout,meter_fault,hvac_kw,2025-05-04 07:00:00-06:00,37,0.0,True,0.0
8,overhead_excess,overhead_residual,cooling_kw,2025-01-09 16:00:00-07:00,11,0.30376602879226977,True,0.0
8,overhead_excess,load_change,cooling_kw,2025-01-09 16:00:00-07:00,11,0.30376602879226977,False,
8,overhead_excess,isolation_forest,cooling_kw,2025-01-09 16:00:00-07:00,11,0.30376602879226977,False,
8,overhead_excess,meter_fault,cooling_kw,2025-01-09 16:00:00-07:00,11,0.30376602879226977,False,
8,outage,overhead_residual,it_power_kw,2025-03-22 18:00:00-06:00,21,0.35225529612819073,False,
8,outage,load_change,it_power_kw,2025-03-22 18:00:00-06:00,21,0.35225529612819073,True,0.0
8,outage,isolation_forest,it_power_kw,2025-03-22 18:00:00-06:00,21,0.35225529612819073,False,
8,outage,meter_fault,it_power_kw,2025-03-22 18:00:00-06:00,21,0.35225529612819073,False,
8,stuck_meter,overhead_residual,cooling_kw,2025-08-17 15:00:00-06:00,37,0.0,False,
8,stuck_meter,load_change,cooling_kw,2025-08-17 15:00:00-06:00,37,0.0,False,
8,stuck_meter,isolation_forest,cooling_kw,2025-08-17 15:00:00-06:00,37,0.0,False,
8,stuck_meter,meter_fault,cooling_kw,2025-08-17 15:00:00-06:00,37,0.0,True,0.0
8,meter_dropout,overhead_residual,hvac_kw,2025-04-14 10:00:00-06:00,49,0.0,True,0.0
8,meter_dropout,load_change,hvac_kw,2025-04-14 10:00:00-06:00,49,0.0,False,
8,meter_dropout,isolation_forest,hvac_kw,2025-04-14 10:00:00-06:00,49,0.0,False,
8,meter_dropout,meter_fault,hvac_kw,2025-04-14 10:00:00-06:00,49,0.0,True,0.0
9,overhead_excess,overhead_residual,cooling_kw,2025-02-28 07:00:00-07:00,24,0.3184533348840943,True,0.0
9,overhead_excess,load_change,cooling_kw,2025-02-28 07:00:00-07:00,24,0.3184533348840943,False,
9,overhead_excess,isolation_forest,cooling_kw,2025-02-28 07:00:00-07:00,24,0.3184533348840943,False,
9,overhead_excess,meter_fault,cooling_kw,2025-02-28 07:00:00-07:00,24,0.3184533348840943,False,
9,outage,overhead_residual,it_power_kw,2025-05-14 04:00:00-06:00,12,0.48049705478941673,False,
9,outage,load_change,it_power_kw,2025-05-14 04:00:00-06:00,12,0.48049705478941673,True,0.0
9,outage,isolation_forest,it_power_kw,2025-05-14 04:00:00-06:00,12,0.48049705478941673,False,
9,outage,meter_fault,it_power_kw,2025-05-14 04:00:00-06:00,12,0.48049705478941673,False,
9,stuck_meter,overhead_residual,cooling_kw,2025-08-01 07:00:00-06:00,29,0.0,False,
9,stuck_meter,load_change,cooling_kw,2025-08-01 07:00:00-06:00,29,0.0,False,
9,stuck_meter,isolation_forest,cooling_kw,2025-08-01 07:00:00-06:00,29,0.0,False,
9,stuck_meter,meter_fault,cooling_kw,2025-08-01 07:00:00-06:00,29,0.0,True,0.0
9,meter_dropout,overhead_residual,hvac_kw,2025-07-22 00:00:00-06:00,59,0.0,True,0.0
9,meter_dropout,load_change,hvac_kw,2025-07-22 00:00:00-06:00,59,0.0,False,
9,meter_dropout,isolation_forest,hvac_kw,2025-07-22 00:00:00-06:00,59,0.0,False,
9,meter_dropout,meter_fault,hvac_kw,2025-07-22 00:00:00-06:00,59,0.0,True,0.0
10,overhead_excess,overhead_residual,cooling_kw,2025-08-21 17:00:00-06:00,20,0.2151149610246497,True,0.0
10,overhead_excess,load_change,cooling_kw,2025-08-21 17:00:00-06:00,20,0.2151149610246497,False,
10,overhead_excess,isolation_forest,cooling_kw,2025-08-21 17:00:00-06:00,20,0.2151149610246497,False,
10,overhead_excess,meter_fault,cooling_kw,2025-08-21 17:00:00-06:00,20,0.2151149610246497,False,
10,outage,overhead_residual,it_power_kw,2025-08-02 03:00:00-06:00,18,0.3750442967035175,False,
10,outage,load_change,it_power_kw,2025-08-02 03:00:00-06:00,18,0.3750442967035175,True,0.0
10,outage,isolation_forest,it_power_kw,2025-08-02 03:00:00-06:00,18,0.3750442967035175,False,
10,outage,meter_fault,it_power_kw,2025-08-02 03:00:00-06:00,18,0.3750442967035175,False,
10,stuck_meter,overhead_residual,pump_kw,2025-07-22 12:00:00-06:00,18,0.0,False,
10,stuck_meter,load_change,pump_kw,2025-07-22 12:00:00-06:00,18,0.0,False,
10,stuck_meter,isolation_forest,pump_kw,2025-07-22 12:00:00-06:00,18,0.0,False,
10,stuck_meter,meter_fault,pump_kw,2025-07-22 12:00:00-06:00,18,0.0,True,0.0
10,meter_dropout,overhead_residual,hvac_kw,2025-02-04 01:00:00-07:00,68,0.0,True,0.0
10,meter_dropout,load_change,hvac_kw,2025-02-04 01:00:00-07:00,68,0.0,False,
10,meter_dropout,isolation_forest,hvac_kw,2025-02-04 01:00:00-07:00,68,0.0,False,
10,meter_dropout,meter_fault,hvac_kw,2025-02-04 01:00:00-07:00,68,0.0,True,0.0
11,overhead_excess,overhead_residual,cooling_kw,2025-03-02 11:00:00-07:00,11,0.21149346989870044,True,0.0
11,overhead_excess,load_change,cooling_kw,2025-03-02 11:00:00-07:00,11,0.21149346989870044,False,
11,overhead_excess,isolation_forest,cooling_kw,2025-03-02 11:00:00-07:00,11,0.21149346989870044,False,
11,overhead_excess,meter_fault,cooling_kw,2025-03-02 11:00:00-07:00,11,0.21149346989870044,False,
11,outage,overhead_residual,it_power_kw,2025-05-04 21:00:00-06:00,23,0.5186171325681841,False,
11,outage,load_change,it_power_kw,2025-05-04 21:00:00-06:00,23,0.5186171325681841,True,0.0
11,outage,isolation_forest,it_power_kw,2025-05-04 21:00:00-06:00,23,0.5186171325681841,False,
11,outage,meter_fault,it_power_kw,2025-05-04 21:00:00-06:00,23,0.5186171325681841,False,
11,stuck_meter,overhead_residual,cooling_kw,2025-01-01 16:00:00-07:00,34,0.0,False,
11,stuck_meter,load_change,cooling_kw,2025-01-01 16:00:00-07:00,34,0.0,False,
11,stuck_meter,isolation_forest,cooling_kw,2025-01-01 16:00:00-07:00,34,0.0,False,
11,stuck_meter,meter_fault,cooling_kw,2025-01-01 16:00:00-07:00,34,0.0,True,0.0
11,meter_dropout,overhead_residual,hvac_kw,2025-07-16 23:00:00-06:00,52,0.0,True,0.0
11,meter_dropout,load_change,hvac_kw,2025-07-16 23:00:00-06:00,52,0.0,False,
11,meter_dropout,isolation_forest,hvac_kw,2025-07-16 23:00:00-06:00,52,0.0,False,
11,meter_dropout,meter_fault,hvac_kw,2025-07-16 23:00:00-06:00,52,0.0,True,0.0
12,overhead_excess,overhead_residual,cooling_kw,2025-04-06 01:00:00-06:00,19,0.2019715725332603,True,0.0
12,overhead_excess,load_change,cooling_kw,2025-04-06 01:00:00-06:00,19,0.2019715725332603,False,
12,overhead_excess,isolation_forest,cooling_kw,2025-04-06 01:00:00-06:00,19,0.2019715725332603,False,
12,overhead_excess,meter_fault,cooling_kw,2025-04-06 01:00:00-06:00,19,0.2019715725332603,False,
12,outage,overhead_residual,it_power_kw,2025-04-27 05:00:00-06:00,7,0.5471279155225846,False,
12,outage,load_change,it_power_kw,2025-04-27 05:00:00-06:00,7,0.5471279155225846,True,0.0
12,outage,isolation_forest,it_power_kw,2025-04-27 05:00:00-06:00,7,0.5471279155225846,False,
12,outage,meter_fault,it_power_kw,2025-04-27 05:00:00-06:00,7,0.5471279155225846,False,
12,stuck_meter,overhead_residual,cooling_kw,2025-01-03 00:00:00-07:00,39,0.0,False,
12,stuck_meter,load_change,cooling_kw,2025-01-03 00:00:00-07:00,39,0.0,False,
12,stuck_meter,isolation_forest,cooling_kw,2025-01-03 00:00:00-07:00,39,0.0,False,
12,stuck_meter,meter_fault,cooling_kw,2025-01-03 00:00:00-07:00,39,0.0,True,0.0
12,meter_dropout,overhead_residual,hvac_kw,2025-02-04 05:00:00-07:00,67,0.0,True,0.0
12,meter_dropout,load_change,hvac_kw,2025-02-04 05:00:00-07:00,67,0.0,False,
12,meter_dropout,isolation_forest,hvac_kw,2025-02-04 05:00:00-07:00,67,0.0,False,
12,meter_dropout,meter_fault,hvac_kw,2025-02-04 05:00:00-07:00,67,0.0,True,0.0
13,overhead_excess,overhead_residual,cooling_kw,2025-01-26 05:00:00-07:00,7,0.25512320714808534,True,0.0
13,overhead_excess,load_change,cooling_kw,2025-01-26 05:00:00-07:00,7,0.25512320714808534,False,
13,overhead_excess,isolation_forest,cooling_kw,2025-01-26 05:00:00-07:00,7,0.25512320714808534,False,
13,overhead_excess,meter_fault,cooling_kw,2025-01-26 05:00:00-07:00,7,0.25512320714808534,False,
13,outage,overhead_residual,it_power_kw,2025-01-05 13:00:00-07:00,7,0.4571445355086665,False,
13,outage,load_change,it_power_kw,2025-01-05 13:00:00-07:00,7,0.4571445355086665,True,0.0
13,outage,isolation_forest,it_power_kw,2025-01-05 13:00:00-07:00,7,0.4571445355086665,False,
13,outage,meter_fault,it_power_kw,2025-01-05 13:00:00-07:00,7,0.4571445355086665,False,
13,stuck_meter,overhead_residual,pump_kw,2025-05-12 19:00:00-06:00,33,0.0,False,
13,stuck_meter,load_change,pump_kw,2025-05-12 19:00:00-06:00,33,0.0,False,
13,stuck_meter,isolation_forest,pump_kw,2025-05-12 19:00:00-06:00,33,0.0,False,
13,stuck_meter,meter_fault,pump_kw,2025-05-12 19:00:00-06:00,33,0.0,True,0.0
13,meter_dropout,overhead_residual,hvac_kw,2025-02-23 19:00:00-07:00,56,0.0,True,0.0
13,meter_dropout,load_change,hvac_kw,2025-02-23 19:00:00-07:00,56,0.0,False,
13,meter_dropout,isolation_forest,hvac_kw,2025-02-23 19:00:00-07:00,56,0.0,False,
13,meter_dropout,meter_fault,hvac_kw,2025-02-23 19:00:00-07:00,56,0.0,True,0.0
14,overhead_excess,overhead_residual,cooling_kw,2025-08-16 13:00:00-06:00,7,0.36588356169156233,True,0.0
14,overhead_excess,load_change,cooling_kw,2025-08-16 13:00:00-06:00,7,0.36588356169156233,False,
14,overhead_excess,isolation_forest,cooling_kw,2025-08-16 13:00:00-06:00,7,0.36588356169156233,False,
14,overhead_excess,meter_fault,cooling_kw,2025-08-16 13:00:00-06:00,7,0.36588356169156233,False,
14,outage,overhead_residual,it_power_kw,2025-03-09 01:00:00-07:00,18,0.31111364135999714,True,7.0
14,outage,load_change,it_power_kw,2025-03-09 01:00:00-07:00,18,0.31111364135999714,True,0.0
14,outage,isolation_forest,it_power_kw,2025-03-09 01:00:00-07:00,18,0.31111364135999714,False,
14,outage,meter_fault,it_power_kw,2025-03-09 01:00:00-07:00,18,0.31111364135999714,False,
14,stuck_meter,overhead_residual,cooling_kw,2025-05-05 19:00:00-06:00,36,0.0,False,
14,stuck_meter,load_change,cooling_kw,2025-05-05 19:00:00-06:00,36,0.0,False,
14,stuck_meter,isolation_forest,cooling_kw,2025-05-05 19:00:00-06:00,36,0.0,False,
14,stuck_meter,meter_fault,cooling_kw,2025-05-05 19:00:00-06:00,36,0.0,True,0.0
14,meter_dropout,overhead_residual,hvac_kw,2025-07-17 07:00:00-06:00,60,0.0,True,0.0
14,meter_dropout,load_change,hvac_kw,2025-07-17 07:00:00-06:00,60,0.0,False,
14,meter_dropout,isolation_forest,hvac_kw,2025-07-17 07:00:00-06:00,60,0.0,False,
14,meter_dropout,meter_fault,hvac_kw,2025-07-17 07:00:00-06:00,60,0.0,True,0.0
15,overhead_excess,overhead_residual,cooling_kw,2025-04-12 20:00:00-06:00,11,0.3031572417091255,True,0.0
15,overhead_excess,load_change,cooling_kw,2025-04-12 20:00:00-06:00,11,0.3031572417091255,False,
15,overhead_excess,isolation_forest,cooling_kw,2025-04-12 20:00:00-06:00,11,0.3031572417091255,False,
15,overhead_excess,meter_fault,cooling_kw,2025-04-12 20:00:00-06:00,11,0.3031572417091255,False,
15,outage,overhead_residual,it_power_kw,2025-08-17 13:00:00-06:00,5,0.35686225001549843,False,
15,outage,load_change,it_power_kw,2025-08-17 13:00:00-06:00,5,0.35686225001549843,True,0.0
15,outage,isolation_forest,it_power_kw,2025-08-17 13:00:00-06:00,5,0.35686225001549843,False,
15,outage,meter_fault,it_power_kw,2025-08-17 13:00:00-06:00,5,0.35686225001549843,False,
15,stuck_meter,overhead_residual,pump_kw,2025-02-04 14:00:00-07:00,44,0.0,False,
15,stuck_meter,load_change,pump_kw,2025-02-04 14:00:00-07:00,44,0.0,False,
15,stuck_meter,isolation_forest,pump_kw,2025-02-04 14:00:00-07:00,44,0.0,False,
15,stuck_meter,meter_fault,pump_kw,2025-02-04 14:00:00-07:00,44,0.0,True,0.0
15,meter_dropout,overhead_residual,hvac_kw,2025-08-02 03:00:00-06:00,62,0.0,True,0.0
15,meter_dropout,load_change,hvac_kw,2025-08-02 03:00:00-06:00,62,0.0,False,
15,meter_dropout,isolation_forest,hvac_kw,2025-08-02 03:00:00-06:00,62,0.0,False,
15,meter_dropout,meter_fault,hvac_kw,2025-08-02 03:00:00-06:00,62,0.0,True,0.0
16,overhead_excess,overhead_residual,cooling_kw,2025-01-06 20:00:00-07:00,14,0.2882916749832135,True,0.0
16,overhead_excess,load_change,cooling_kw,2025-01-06 20:00:00-07:00,14,0.2882916749832135,False,
16,overhead_excess,isolation_forest,cooling_kw,2025-01-06 20:00:00-07:00,14,0.2882916749832135,False,
16,overhead_excess,meter_fault,cooling_kw,2025-01-06 20:00:00-07:00,14,0.2882916749832135,False,
16,outage,overhead_residual,it_power_kw,2025-06-09 06:00:00-06:00,9,0.39610186210206927,False,
16,outage,load_change,it_power_kw,2025-06-09 06:00:00-06:00,9,0.39610186210206927,True,0.0
16,outage,isolation_forest,it_power_kw,2025-06-09 06:00:00-06:00,9,0.39610186210206927,False,
16,outage,meter_fault,it_power_kw,2025-06-09 06:00:00-06:00,9,0.39610186210206927,False,
16,stuck_meter,overhead_residual,cooling_kw,2025-05-05 07:00:00-06:00,25,0.0,False,
16,stuck_meter,load_change,cooling_kw,2025-05-05 07:00:00-06:00,25,0.0,False,
16,stuck_meter,isolation_forest,cooling_kw,2025-05-05 07:00:00-06:00,25,0.0,False,
16,stuck_meter,meter_fault,cooling_kw,2025-05-05 07:00:00-06:00,25,0.0,True,0.0
16,meter_dropout,overhead_residual,hvac_kw,2025-05-28 04:00:00-06:00,48,0.0,True,0.0
16,meter_dropout,load_change,hvac_kw,2025-05-28 04:00:00-06:00,48,0.0,False,
16,meter_dropout,isolation_forest,hvac_kw,2025-05-28 04:00:00-06:00,48,0.0,False,
16,meter_dropout,meter_fault,hvac_kw,2025-05-28 04:00:00-06:00,48,0.0,True,0.0
17,overhead_excess,overhead_residual,cooling_kw,2025-06-08 03:00:00-06:00,18,0.21322472389299735,True,0.0
17,overhead_excess,load_change,cooling_kw,2025-06-08 03:00:00-06:00,18,0.21322472389299735,False,
17,overhead_excess,isolation_forest,cooling_kw,2025-06-08 03:00:00-06:00,18,0.21322472389299735,False,
17,overhead_excess,meter_fault,cooling_kw,2025-06-08 03:00:00-06:00,18,0.21322472389299735,False,
17,outage,overhead_residual,it_power_kw,2025-02-14 03:00:00-07:00,10,0.5832944677585237,False,
17,outage,load_change,it_power_kw,2025-02-14 03:00:00-07:00,10,0.5832944677585237,True,0.0
17,outage,isolation_forest,it_power_kw,2025-02-14 03:00:00-07:00,10,0.5832944677585237,False,
17,outage,meter_fault,it_power_kw,2025-02-14 03:00:00-07:00,10,0.5832944677585237,False,
17,stuck_meter,overhead_residual,cooling_kw,2025-07-22 06:00:00-06:00,45,0.0,False,
17,stuck_meter,load_change,cooling_kw,2025-07-22 06:00:00-06:00,45,0.0,False,
17,stuck_meter,isolation_forest,cooling_kw,2025-07-22 06:00:00-06:00,45,0.0,False,
17,stuck_meter,meter_fault,cooling_kw,2025-07-22 06:00:00-06:00,45,0.0,True,0.0
17,meter_dropout,overhead_residual,hvac_kw,2025-01-17 14:00:00-07:00,54,0.0,True,0.0
17,meter_dropout,load_change,hvac_kw,2025-01-17 14:00:00-07:00,54,0.0,False,
17,meter_dropout,isolation_forest,hvac_kw,2025-01-17 14:00:00-07:00,54,0.0,False,
17,meter_dropout,meter_fault,hvac_kw,2025-01-17 14:00:00-07:00,54,0.0,True,0.0
18,overhead_excess,overhead_residual,cooling_kw,2025-07-07 21:00:00-06:00,23,0.3982958847995301,True,0.0
18,overhead_excess,load_change,cooling_kw,2025-07-07 21:00:00-06:00,23,0.3982958847995301,False,
18,overhead_excess,isolation_forest,cooling_kw,2025-07-07 21:00:00-06:00,23,0.3982958847995301,False,
18,overhead_excess,meter_fault,cooling_kw,2025-07-07 21:00:00-06:00,23,0.3982958847995301,False,
18,outage,overhead_residual,it_power_kw,2025-02-05 20:00:00-07:00,10,0.5934551313703349,False,
18,outage,load_change,it_power_kw,2025-02-05 20:00:00-07:00,10,0.5934551313703349,True,0.0
18,outage,isolation_forest,it_power_kw,2025-02-05 20:00:00-07:00,10,0.5934551313703349,False,
18,outage,meter_fault,it_power_kw,2025-02-05 20:00:00-07:00,10,0.5934551313703349,False,
18,stuck_meter,overhead_residual,cooling_kw,2025-05-16 06:00:00-06:00,46,0.0,False,
18,stuck_meter,load_change,cooling_kw,2025-05-16 06:00:00-06:00,46,0.0,False,
18,stuck_meter,isolation_forest,cooling_kw,2025-05-16 06:00:00-06:00,46,0.0,False,
18,stuck_meter,meter_fault,cooling_kw,2025-05-16 06:00:00-06:00,46,0.0,True,0.0
18,meter_dropout,overhead_residual,hvac_kw,2025-03-19 08:00:00-06:00,52,0.0,True,0.0
18,meter_dropout,load_change,hvac_kw,2025-03-19 08:00:00-06:00,52,0.0,False,
18,meter_dropout,isolation_forest,hvac_kw,2025-03-19 08:00:00-06:00,52,0.0,False,
18,meter_dropout,meter_fault,hvac_kw,2025-03-19 08:00:00-06:00,52,0.0,True,0.0
19,overhead_excess,overhead_residual,cooling_kw,2025-03-04 12:00:00-07:00,19,0.20467012880620203,True,0.0
19,overhead_excess,load_change,cooling_kw,2025-03-04 12:00:00-07:00,19,0.20467012880620203,False,
19,overhead_excess,isolation_forest,cooling_kw,2025-03-04 12:00:00-07:00,19,0.20467012880620203,False,
19,overhead_excess,meter_fault,cooling_kw,2025-03-04 12:00:00-07:00,19,0.20467012880620203,False,
19,outage,overhead_residual,it_power_kw,2025-02-21 19:00:00-07:00,14,0.4110902902483738,False,
19,outage,load_change,it_power_kw,2025-02-21 19:00:00-07:00,14,0.4110902902483738,True,0.0
19,outage,isolation_forest,it_power_kw,2025-02-21 19:00:00-07:00,14,0.4110902902483738,False,
19,outage,meter_fault,it_power_kw,2025-02-21 19:00:00-07:00,14,0.4110902902483738,False,
19,stuck_meter,overhead_residual,pump_kw,2025-08-12 23:00:00-06:00,42,0.0,False,
19,stuck_meter,load_change,pump_kw,2025-08-12 23:00:00-06:00,42,0.0,False,
19,stuck_meter,isolation_forest,pump_kw,2025-08-12 23:00:00-06:00,42,0.0,False,
19,stuck_meter,meter_fault,pump_kw,2025-08-12 23:00:00-06:00,42,0.0,True,0.0
19,meter_dropout,overhead_residual,hvac_kw,2025-04-16 19:00:00-06:00,55,0.0,True,0.0
19,meter_dropout,load_change,hvac_kw,2025-04-16 19:00:00-06:00,55,0.0,False,
19,meter_dropout,isolation_forest,hvac_kw,2025-04-16 19:00:00-06:00,55,0.0,False,
19,meter_dropout,meter_fault,hvac_kw,2025-04-16 19:00:00-06:00,55,0.0,True,0.0
20,overhead_excess,overhead_residual,cooling_kw,2025-07-18 07:00:00-06:00,17,0.358809473161247,True,0.0
20,overhead_excess,load_change,cooling_kw,2025-07-18 07:00:00-06:00,17,0.358809473161247,False,
20,overhead_excess,isolation_forest,cooling_kw,2025-07-18 07:00:00-06:00,17,0.358809473161247,False,
20,overhead_excess,meter_fault,cooling_kw,2025-07-18 07:00:00-06:00,17,0.358809473161247,False,
20,outage,overhead_residual,it_power_kw,2025-01-26 16:00:00-07:00,12,0.44883684627175197,False,
20,outage,load_change,it_power_kw,2025-01-26 16:00:00-07:00,12,0.44883684627175197,True,0.0
20,outage,isolation_forest,it_power_kw,2025-01-26 16:00:00-07:00,12,0.44883684627175197,False,
20,outage,meter_fault,it_power_kw,2025-01-26 16:00:00-07:00,12,0.44883684627175197,False,
20,stuck_meter,overhead_residual,cooling_kw,2025-05-11 23:00:00-06:00,32,0.0,False,
20,stuck_meter,load_change,cooling_kw,2025-05-11 23:00:00-06:00,32,0.0,False,
20,stuck_meter,isolation_forest,cooling_kw,2025-05-11 23:00:00-06:00,32,0.0,False,
20,stuck_meter,meter_fault,cooling_kw,2025-05-11 23:00:00-06:00,32,0.0,True,0.0
20,meter_dropout,overhead_residual,hvac_kw,2025-06-06 08:00:00-06:00,61,0.0,True,0.0
20,meter_dropout,load_change,hvac_kw,2025-06-06 08:00:00-06:00,61,0.0,False,
20,meter_dropout,isolation_forest,hvac_kw,2025-06-06 08:00:00-06:00,61,0.0,False,
20,meter_dropout,meter_fault,hvac_kw,2025-06-06 08:00:00-06:00,61,0.0,True,0.0
21,overhead_excess,overhead_residual,cooling_kw,2025-02-22 11:00:00-07:00,13,0.15178342414998364,True,0.0
21,overhead_excess,load_change,cooling_kw,2025-02-22 11:00:00-07:00,13,0.15178342414998364,False,
21,overhead_excess,isolation_forest,cooling_kw,2025-02-22 11:00:00-07:00,13,0.15178342414998364,False,
21,overhead_excess,meter_fault,cooling_kw,2025-02-22 11:00:00-07:00,13,0.15178342414998364,False,
21,outage,overhead_residual,it_power_kw,2025-07-31 07:00:00-06:00,9,0.4861077679440643,False,
21,outage,load_change,it_power_kw,2025-07-31 07:00:00-06:00,9,0.4861077679440643,True,0.0
21,outage,isolation_forest,it_power_kw,2025-07-31 07:00:00-06:00,9,0.4861077679440643,False,
21,outage,meter_fault,it_power_kw,2025-07-31 07:00:00-06:00,9,0.4861077679440643,False,
21,stuck_meter,overhead_residual,pump_kw,2025-03-18 08:00:00-06:00,28,0.0,False,
21,stuck_meter,load_change,pump_kw,2025-03-18 08:00:00-06:00,28,0.0,False,
21,stuck_meter,isolation_forest,pump_kw,2025-03-18 08:00:00-06:00,28,0.0,False,
21,stuck_meter,meter_fault,pump_kw,2025-03-18 08:00:00-06:00,28,0.0,True,0.0
21,meter_dropout,overhead_residual,hvac_kw,2025-08-22 18:00:00-06:00,60,0.0,True,0.0
21,meter_dropout,load_change,hvac_kw,2025-08-22 18:00:00-06:00,60,0.0,False,
21,meter_dropout,isolation_forest,hvac_kw,2025-08-22 18:00:00-06:00,60,0.0,False,
21,meter_dropout,meter_fault,hvac_kw,2025-08-22 18:00:00-06:00,60,0.0,True,0.0
22,overhead_excess,overhead_residual,cooling_kw,2025-05-20 07:00:00-06:00,14,0.2252236978405727,True,0.0
22,overhead_excess,load_change,cooling_kw,2025-05-20 07:00:00-06:00,14,0.2252236978405727,False,
22,overhead_excess,isolation_forest,cooling_kw,2025-05-20 07:00:00-06:00,14,0.2252236978405727,False,
22,overhead_excess,meter_fault,cooling_kw,2025-05-20 07:00:00-06:00,14,0.2252236978405727,False,
22,outage,overhead_residual,it_power_kw,2025-04-01 21:00:00-06:00,17,0.35870857431980546,True,16.0
22,outage,load_change,it_power_kw,2025-04-01 21:00:00-06:00,17,0.35870857431980546,True,0.0
22,outage,isolation_forest,it_power_kw,2025-04-01 21:00:00-06:00,17,0.35870857431980546,False,
22,outage,meter_fault,it_power_kw,2025-04-01 21:00:00-06:00,17,0.35870857431980546,False,
22,stuck_meter,overhead_residual,cooling_kw,2025-02-27 23:00:00-07:00,35,0.0,False,
22,stuck_meter,load_change,cooling_kw,2025-02-27 23:00:00-07:00,35,0.0,False,
22,stuck_meter,isolation_forest,cooling_kw,2025-02-27 23:00:00-07:00,35,0.0,False,
22,stuck_meter,meter_fault,cooling_kw,2025-02-27 23:00:00-07:00,35,0.0,True,0.0
22,meter_dropout,overhead_residual,hvac_kw,2025-07-25 11:00:00-06:00,72,0.0,True,0.0
22,meter_dropout,load_change,hvac_kw,2025-07-25 11:00:00-06:00,72,0.0,False,
22,meter_dropout,isolation_forest,hvac_kw,2025-07-25 11:00:00-06:00,72,0.0,False,
22,meter_dropout,meter_fault,hvac_kw,2025-07-25 11:00:00-06:00,72,0.0,True,0.0
23,overhead_excess,overhead_residual,cooling_kw,2025-05-27 14:00:00-06:00,13,0.16135608059995,False,
23,overhead_excess,load_change,cooling_kw,2025-05-27 14:00:00-06:00,13,0.16135608059995,False,
23,overhead_excess,isolation_forest,cooling_kw,2025-05-27 14:00:00-06:00,13,0.16135608059995,False,
23,overhead_excess,meter_fault,cooling_kw,2025-05-27 14:00:00-06:00,13,0.16135608059995,False,
23,outage,overhead_residual,it_power_kw,2025-02-15 18:00:00-07:00,6,0.5258913487474217,False,
23,outage,load_change,it_power_kw,2025-02-15 18:00:00-07:00,6,0.5258913487474217,True,0.0
23,outage,isolation_forest,it_power_kw,2025-02-15 18:00:00-07:00,6,0.5258913487474217,False,
23,outage,meter_fault,it_power_kw,2025-02-15 18:00:00-07:00,6,0.5258913487474217,False,
23,stuck_meter,overhead_residual,pump_kw,2025-08-23 14:00:00-06:00,27,0.0,False,
23,stuck_meter,load_change,pump_kw,2025-08-23 14:00:00-06:00,27,0.0,False,
23,stuck_meter,isolation_forest,pump_kw,2025-08-23 14:00:00-06:00,27,0.0,False,
23,stuck_meter,meter_fault,pump_kw,2025-08-23 14:00:00-06:00,27,0.0,True,0.0
23,meter_dropout,overhead_residual,hvac_kw,2025-05-08 12:00:00-06:00,36,0.0,True,0.0
23,meter_dropout,load_change,hvac_kw,2025-05-08 12:00:00-06:00,36,0.0,False,
23,meter_dropout,isolation_forest,hvac_kw,2025-05-08 12:00:00-06:00,36,0.0,False,
23,meter_dropout,meter_fault,hvac_kw,2025-05-08 12:00:00-06:00,36,0.0,True,0.0
24,overhead_excess,overhead_residual,cooling_kw,2025-03-19 12:00:00-06:00,13,0.2931910761979919,True,0.0
24,overhead_excess,load_change,cooling_kw,2025-03-19 12:00:00-06:00,13,0.2931910761979919,False,
24,overhead_excess,isolation_forest,cooling_kw,2025-03-19 12:00:00-06:00,13,0.2931910761979919,False,
24,overhead_excess,meter_fault,cooling_kw,2025-03-19 12:00:00-06:00,13,0.2931910761979919,False,
24,outage,overhead_residual,it_power_kw,2025-01-25 23:00:00-07:00,22,0.507119203351639,False,
24,outage,load_change,it_power_kw,2025-01-25 23:00:00-07:00,22,0.507119203351639,True,0.0
24,outage,isolation_forest,it_power_kw,2025-01-25 23:00:00-07:00,22,0.507119203351639,False,
24,outage,meter_fault,it_power_kw,2025-01-25 23:00:00-07:00,22,0.507119203351639,False,
24,stuck_meter,overhead_residual,cooling_kw,2025-01-06 10:00:00-07:00,36,0.0,False,
24,stuck_meter,load_change,cooling_kw,2025-01-06 10:00:00-07:00,36,0.0,False,
24,stuck_meter,isolation_forest,cooling_kw,2025-01-06 10:00:00-07:00,36,0.0,False,
24,stuck_meter,meter_fault,cooling_kw,2025-01-06 10:00:00-07:00,36,0.0,True,0.0
24,meter_dropout,overhead_residual,hvac_kw,2025-02-23 00:00:00-07:00,36,0.0,True,0.0
24,meter_dropout,load_change,hvac_kw,2025-02-23 00:00:00-07:00,36,0.0,False,
24,meter_dropout,isolation_forest,hvac_kw,2025-02-23 00:00:00-07:00,36,0.0,False,
24,meter_dropout,meter_fault,hvac_kw,2025-02-23 00:00:00-07:00,36,0.0,True,0.0
25,overhead_excess,overhead_residual,cooling_kw,2025-02-10 06:00:00-07:00,20,0.2850442077475185,True,0.0
25,overhead_excess,load_change,cooling_kw,2025-02-10 06:00:00-07:00,20,0.2850442077475185,False,
25,overhead_excess,isolation_forest,cooling_kw,2025-02-10 06:00:00-07:00,20,0.2850442077475185,False,
25,overhead_excess,meter_fault,cooling_kw,2025-02-10 06:00:00-07:00,20,0.2850442077475185,False,
25,outage,overhead_residual,it_power_kw,2025-03-01 10:00:00-07:00,10,0.5556059173830836,False,
25,outage,load_change,it_power_kw,2025-03-01 10:00:00-07:00,10,0.5556059173830836,True,0.0
25,outage,isolation_forest,it_power_kw,2025-03-01 10:00:00-07:00,10,0.5556059173830836,False,
25,outage,meter_fault,it_power_kw,2025-03-01 10:00:00-07:00,10,0.5556059173830836,False,
25,stuck_meter,overhead_residual,cooling_kw,2025-08-24 00:00:00-06:00,46,0.0,False,
25,stuck_meter,load_change,cooling_kw,2025-08-24 00:00:00-06:00,46,0.0,False,
25,stuck_meter,isolation_forest,cooling_kw,2025-08-24 00:00:00-06:00,46,0.0,False,
25,stuck_meter,meter_fault,cooling_kw,2025-08-24 00:00:00-06:00,46,0.0,True,0.0
25,meter_dropout,overhead_residual,hvac_kw,2025-05-13 07:00:00-06:00,43,0.0,True,0.0
25,meter_dropout,load_change,hvac_kw,2025-05-13 07:00:00-06:00,43,0.0,False,
25,meter_dropout,isolation_forest,hvac_kw,2025-05-13 07:00:00-06:00,43,0.0,False,
25,meter_dropout,meter_fault,hvac_kw,2025-05-13 07:00:00-06:00,43,0.0,True,0.0
26,overhead_excess,overhead_residual,cooling_kw,2025-03-18 15:00:00-06:00,11,0.288615017690457,True,0.0
26,overhead_excess,load_change,cooling_kw,2025-03-18 15:00:00-06:00,11,0.288615017690457,False,
26,overhead_excess,isolation_forest,cooling_kw,2025-03-18 15:00:00-06:00,11,0.288615017690457,False,
26,overhead_excess,meter_fault,cooling_kw,2025-03-18 15:00:00-06:00,11,0.288615017690457,False,
26,outage,overhead_residual,it_power_kw,2025-08-03 19:00:00-06:00,7,0.4664468062752114,False,
26,outage,load_change,it_power_kw,2025-08-03 19:00:00-06:00,7,0.4664468062752114,True,0.0
26,outage,isolation_forest,it_power_kw,2025-08-03 19:00:00-06:00,7,0.4664468062752114,False,
26,outage,meter_fault,it_power_kw,2025-08-03 19:00:00-06:00,7,0.4664468062752114,False,
26,stuck_meter,overhead_residual,pump_kw,2025-05-02 05:00:00-06:00,31,0.0,False,
26,stuck_meter,load_change,pump_kw,2025-05-02 05:00:00-06:00,31,0.0,False,
26,stuck_meter,isolation_forest,pump_kw,2025-05-02 05:00:00-06:00,31,0.0,False,
26,stuck_meter,meter_fault,pump_kw,2025-05-02 05:00:00-06:00,31,0.0,True,0.0
26,meter_dropout,overhead_residual,hvac_kw,2025-04-16 10:00:00-06:00,54,0.0,True,0.0
26,meter_dropout,load_change,hvac_kw,2025-04-16 10:00:00-06:00,54,0.0,False,
26,meter_dropout,isolation_forest,hvac_kw,2025-04-16 10:00:00-06:00,54,0.0,False,
26,meter_dropout,meter_fault,hvac_kw,2025-04-16 10:00:00-06:00,54,0.0,True,0.0
27,overhead_excess,overhead_residual,cooling_kw,2025-03-19 17:00:00-06:00,14,0.36121385278839097,True,0.0
27,overhead_excess,load_change,cooling_kw,2025-03-19 17:00:00-06:00,14,0.36121385278839097,False,
27,overhead_excess,isolation_forest,cooling_kw,2025-03-19 17:00:00-06:00,14,0.36121385278839097,False,
27,overhead_excess,meter_fault,cooling_kw,2025-03-19 17:00:00-06:00,14,0.36121385278839097,False,
27,outage,overhead_residual,it_power_kw,2025-05-02 07:00:00-06:00,18,0.5618736156313462,False,
27,outage,load_change,it_power_kw,2025-05-02 07:00:00-06:00,18,0.5618736156313462,True,0.0
27,outage,isolation_forest,it_power_kw,2025-05-02 07:00:00-06:00,18,0.5618736156313462,False,
27,outage,meter_fault,it_power_kw,2025-05-02 07:00:00-06:00,18,0.5618736156313462,False,
27,stuck_meter,overhead_residual,pump_kw,2025-02-23 10:00:00-07:00,33,0.0,False,
27,stuck_meter,load_change,pump_kw,2025-02-23 10:00:00-07:00,33,0.0,False,
27,stuck_meter,isolation_forest,pump_kw,2025-02-23 10:00:00-07:00,33,0.0,False,
27,stuck_meter,meter_fault,pump_kw,2025-02-23 10:00:00-07:00,33,0.0,True,0.0
27,meter_dropout,overhead_residual,hvac_kw,2025-03-06 01:00:00-07:00,63,0.0,True,0.0
27,meter_dropout,load_change,hvac_kw,2025-03-06 01:00:00-07:00,63,0.0,False,
27,meter_dropout,isolation_forest,hvac_kw,2025-03-06 01:00:00-07:00,63,0.0,False,
27,meter_dropout,meter_fault,hvac_kw,2025-03-06 01:00:00-07:00,63,0.0,True,0.0
28,overhead_excess,overhead_residual,cooling_kw,2025-04-28 17:00:00-06:00,21,0.18614640196309948,True,0.0
28,overhead_excess,load_change,cooling_kw,2025-04-28 17:00:00-06:00,21,0.18614640196309948,False,
28,overhead_excess,isolation_forest,cooling_kw,2025-04-28 17:00:00-06:00,21,0.18614640196309948,False,
28,overhead_excess,meter_fault,cooling_kw,2025-04-28 17:00:00-06:00,21,0.18614640196309948,False,
28,outage,overhead_residual,it_power_kw,2025-02-26 05:00:00-07:00,24,0.3521683746236415,False,
28,outage,load_change,it_power_kw,2025-02-26 05:00:00-07:00,24,0.3521683746236415,True,0.0
28,outage,isolation_forest,it_power_kw,2025-02-26 05:00:00-07:00,24,0.3521683746236415,False,
28,outage,meter_fault,it_power_kw,2025-02-26 05:00:00-07:00,24,0.3521683746236415,False,
28,stuck_meter,overhead_residual,cooling_kw,2025-01-04 03:00:00-07:00,18,0.0,False,
28,stuck_meter,load_change,cooling_kw,2025-01-04 03:00:00-07:00,18,0.0,False,
28,stuck_meter,isolation_forest,cooling_kw,2025-01-04 03:00:00-07:00,18,0.0,False,
28,stuck_meter,meter_fault,cooling_kw,2025-01-04 03:00:00-07:00,18,0.0,True,0.0
28,meter_dropout,overhead_residual,hvac_kw,2025-02-06 05:00:00-07:00,65,0.0,True,0.0
28,meter_dropout,load_change,hvac_kw,2025-02-06 05:00:00-07:00,65,0.0,False,
28,meter_dropout,isolation_forest,hvac_kw,2025-02-06 05:00:00-07:00,65,0.0,False,
28,meter_dropout,meter_fault,hvac_kw,2025-02-06 05:00:00-07:00,65,0.0,True,0.0
29,overhead_excess,overhead_residual,cooling_kw,2025-02-12 00:00:00-07:00,20,0.3093463315186078,True,0.0
29,overhead_excess,load_change,cooling_kw,2025-02-12 00:00:00-07:00,20,0.3093463315186078,False,
29,overhead_excess,isolation_forest,cooling_kw,2025-02-12 00:00:00-07:00,20,0.3093463315186078,False,
29,overhead_excess,meter_fault,cooling_kw,2025-02-12 00:00:00-07:00,20,0.3093463315186078,False,
29,outage,overhead_residual,it_power_kw,2025-01-07 08:00:00-07:00,19,0.33352197695509284,False,
29,outage,load_change,it_power_kw,2025-01-07 08:00:00-07:00,19,0.33352197695509284,True,0.0
29,outage,isolation_forest,it_power_kw,2025-01-07 08:00:00-07:00,19,0.33352197695509284,False,
29,outage,meter_fault,it_power_kw,2025-01-07 08:00:00-07:00,19,0.33352197695509284,False,
29,stuck_meter,overhead_residual,pump_kw,2025-02-24 09:00:00-07:00,27,0.0,False,
29,stuck_meter,load_change,pump_kw,2025-02-24 09:00:00-07:00,27,0.0,False,
29,stuck_meter,isolation_forest,pump_kw,2025-02-24 09:00:00-07:00,27,0.0,False,
29,stuck_meter,meter_fault,pump_kw,2025-02-24 09:00:00-07:00,27,0.0,True,0.0
29,meter_dropout,overhead_residual,hvac_kw,2025-06-05 07:00:00-06:00,61,0.0,True,0.0
29,meter_dropout,load_change,hvac_kw,2025-06-05 07:00:00-06:00,61,0.0,False,
29,meter_dropout,isolation_forest,hvac_kw,2025-06-05 07:00:00-06:00,61,0.0,False,
29,meter_dropout,meter_fault,hvac_kw,2025-06-05 07:00:00-06:00,61,0.0,True,0.0
