ts,avoidable_mwh,avoidable_pct_of_overhead
2016-06-01 00:00:00-06:00,0.0,0.0
2016-07-01 00:00:00-06:00,4.137391619333432,19.04056839823813
2016-08-01 00:00:00-06:00,4.0499535700436455,17.96492065458077
2016-09-01 00:00:00-06:00,3.1588083815219323,13.961485363815303
2016-10-01 00:00:00-06:00,0.9794219288782453,4.2680330161220645
2016-11-01 00:00:00-06:00,3.31398490803695,13.519888201237325
2016-12-01 00:00:00-07:00,2.661192783144859,10.911327979032869
2017-01-01 00:00:00-07:00,2.1054175533562822,10.44318140432317
2017-02-01 00:00:00-07:00,1.2243242745315563,8.6517188699378
2017-03-01 00:00:00-07:00,0.349927440981785,11.459866890712606
2017-04-01 00:00:00-06:00,3.9237854962494993,21.838459818619874
2017-05-01 00:00:00-06:00,2.6219705812098906,10.72968338204389
2017-06-01 00:00:00-06:00,2.838381223153591,11.728201380912108
2017-07-01 00:00:00-06:00,3.42442850710524,13.897073320908467
2017-08-01 00:00:00-06:00,2.5034638533756883,10.29569512081616
2017-09-01 00:00:00-06:00,1.2203052567024912,5.224571616847442
2017-10-01 00:00:00-06:00,1.5903925037399964,7.009433321646806
2017-11-01 00:00:00-06:00,3.3361156840890587,14.094223540282556
2017-12-01 00:00:00-07:00,3.219047125198115,14.386982719974155
2018-01-01 00:00:00-07:00,2.900832429729949,15.850998903308113
2018-02-01 00:00:00-07:00,1.203601244423175,7.31720468619252
2018-03-01 00:00:00-07:00,1.336924632684191,12.104065892031135
2018-04-01 00:00:00-06:00,1.16150762884174,8.841516147780794
2018-05-01 00:00:00-06:00,2.188086810405201,11.461582861242682
2018-06-01 00:00:00-06:00,3.817063507877756,27.063790882062577
2018-07-01 00:00:00-06:00,7.5685694594526725,25.646140454736596
2018-08-01 00:00:00-06:00,0.1433239659463827,2.177975399220116
2018-09-01 00:00:00-06:00,2.537338363826409,10.905721957434908
2018-10-01 00:00:00-06:00,1.9485322330968642,6.413571350669021
2018-11-01 00:00:00-06:00,10.151495542289545,31.01969529298555
2018-12-01 00:00:00-07:00,9.394475300138676,25.487154012150878
2019-01-01 00:00:00-07:00,12.448629193462686,34.79325503175403
2019-02-01 00:00:00-07:00,5.7121712850848825,20.41705379114589
2019-03-01 00:00:00-07:00,1.6124885016841688,5.406134951657361
2019-04-01 00:00:00-06:00,1.2529719831476032,5.500146419020062
2019-05-01 00:00:00-06:00,2.7829633492624226,11.549201758925982
2019-06-01 00:00:00-06:00,2.56855777362798,10.644743306134968
2019-07-01 00:00:00-06:00,12.9504804410439,38.66622613372446
2019-08-01 00:00:00-06:00,12.332505530557183,38.391038281027
2019-09-01 00:00:00-06:00,4.8004371893738105,17.915057916856355
2019-10-01 00:00:00-06:00,2.0997415437935287,9.069713137913341
2019-11-01 00:00:00-06:00,3.312042647313584,14.375511754156786
2019-12-01 00:00:00-07:00,4.898354427023405,19.363077132719816
2020-01-01 00:00:00-07:00,3.8614045180289627,17.08281855828915
2020-02-01 00:00:00-07:00,5.391222548540297,27.18387322461492
2020-03-01 00:00:00-07:00,5.822965694736503,22.66024633082223
2020-04-01 00:00:00-06:00,3.5749925352828975,15.932499889605513
2020-05-01 00:00:00-06:00,2.9262443010637464,11.966260727837321
2020-06-01 00:00:00-06:00,5.017922832825203,18.68684209785425
2020-07-01 00:00:00-06:00,10.389170605543384,32.41411083536312
2020-08-01 00:00:00-06:00,3.138808077112419,16.49361608263665
2020-09-01 00:00:00-06:00,2.687813609941449,21.8236194234729
2020-10-01 00:00:00-06:00,14.636102240556307,58.063794924236326
2020-11-01 00:00:00-06:00,13.228334646610737,57.30090672080994
2020-12-01 00:00:00-07:00,11.172245847085243,40.922033033942114
2021-01-01 00:00:00-07:00,8.576994357859672,31.374366079199042
2021-02-01 00:00:00-07:00,1.017029897670459,4.203168844597006
2021-03-01 00:00:00-07:00,3.9643346018696723,14.715663664010203
2021-04-01 00:00:00-06:00,4.984149749541218,18.35823478240075
2021-05-01 00:00:00-06:00,4.253983614110085,17.23152007989997
2021-06-01 00:00:00-06:00,8.724619470514904,29.939921130784303
2021-07-01 00:00:00-06:00,12.772287117127991,54.39822761589274
2021-08-01 00:00:00-06:00,22.72643254783517,72.05496276947471
2021-09-01 00:00:00-06:00,12.881026472080352,54.455479652517965
2021-10-01 00:00:00-06:00,2.9026395761798836,23.80236986155963
2021-11-01 00:00:00-06:00,2.421547117299157,19.937313145129263
2021-12-01 00:00:00-07:00,10.884037575574679,52.81874392399935
2022-01-01 00:00:00-07:00,21.74053989503355,72.34054843158052
2022-02-01 00:00:00-07:00,19.865025844113493,68.52177639466657
2022-03-01 00:00:00-07:00,7.138850389505355,27.174144430697385
2022-04-01 00:00:00-06:00,2.7378757730153973,9.960459619086826
2022-05-01 00:00:00-06:00,6.322371066734065,19.538280173893146
2022-06-01 00:00:00-06:00,9.745456836765262,28.79171419208782
2022-07-01 00:00:00-06:00,9.327590942104516,41.31254596768123
2022-08-01 00:00:00-06:00,19.483528816906574,46.92568148583112
2022-09-01 00:00:00-06:00,9.337538531580412,23.73902192584925
2022-10-01 00:00:00-06:00,1.4976605926392343,4.539141169456747
2022-11-01 00:00:00-06:00,2.745528625653346,7.953769566564437
2022-12-01 00:00:00-07:00,1.4754833533360232,6.927029775195479
2023-01-01 00:00:00-07:00,9.67447766046845,22.725412446418325
2023-02-01 00:00:00-07:00,5.46539592039561,24.02145859869004
2023-03-01 00:00:00-07:00,11.419497001537243,25.1394837267686
2023-04-01 00:00:00-06:00,8.753377074407702,20.921070931784868
2023-05-01 00:00:00-06:00,18.59256714415746,32.109300005586874
2023-06-01 00:00:00-06:00,25.11221245456671,41.014043780426945
2023-07-01 00:00:00-06:00,26.436099513761746,34.27396334479459
2023-08-01 00:00:00-06:00,9.876385232081795,14.757354898177587
2023-09-01 00:00:00-06:00,0.28282807113780445,0.5110345579589227
2023-10-01 00:00:00-06:00,0.7218679761070639,1.6975743646277506
2023-11-01 00:00:00-06:00,1.7176260143628508,4.1452188440299125
2023-12-01 00:00:00-07:00,6.122571191113274,12.502380193521036
2024-01-01 00:00:00-07:00,8.760465134056235,18.06895253085542
2024-02-01 00:00:00-07:00,17.051129946334296,32.4383378676799
2024-03-01 00:00:00-07:00,15.290002567752406,23.78651570316877
2024-04-01 00:00:00-06:00,109.46802531431878,76.3900250548951
2024-05-01 00:00:00-06:00,129.36386860716792,73.84794227089799
2024-06-01 00:00:00-06:00,98.08590684699969,53.77798222535455
2024-07-01 00:00:00-06:00,45.147061596378826,26.09690437227309
2024-08-01 00:00:00-06:00,34.0380174387324,21.437769844391585
2024-09-01 00:00:00-06:00,22.09655926035285,12.853675227742984
2024-10-01 00:00:00-06:00,27.37657238873136,17.038193604259877
2024-11-01 00:00:00-06:00,8.552891759491208,4.9156749183158475
2024-12-01 00:00:00-07:00,39.471072210796244,25.10267445345952
2025-01-01 00:00:00-07:00,0.2802634705856785,0.22608447048084526
2025-02-01 00:00:00-07:00,1.609797982798921,1.4035187664590054
2025-03-01 00:00:00-07:00,7.433616807245929,5.985135496638802
2025-04-01 00:00:00-06:00,7.030073819332033,5.812179460936861
2025-05-01 00:00:00-06:00,9.779969134904274,7.8430694481070855
2025-06-01 00:00:00-06:00,13.573992489996812,12.576238507275
2025-07-01 00:00:00-06:00,7.0362729540765,6.10660611928583
2025-08-01 00:00:00-06:00,17.393202575994035,14.540444887284416
