ts,cooling_kw,hvac_kw,pump_kw,plug_and_light_kw,filter_pump_kw,cooling_kw_share_pct,hvac_kw_share_pct,pump_kw_share_pct,plug_and_light_kw_share_pct,filter_pump_kw_share_pct
2015-11-01 00:00:00-06:00,,,,,2.67,,,,,100.0
2015-12-01 00:00:00-07:00,,,,,2.67,,,,,100.0
2016-01-01 00:00:00-07:00,,,,,2.67,,,,,100.0
2016-02-01 00:00:00-07:00,,,,,2.67,,,,,100.0
2016-03-01 00:00:00-07:00,,,,,2.67,,,,,100.0
2016-04-01 00:00:00-06:00,,,,,2.67,,,,,100.0
2016-05-01 00:00:00-06:00,,,,,2.67,,,,,100.0
2016-06-01 00:00:00-06:00,6.575975695919834,7.89003881492054,7.548640572418811,3.3391524498816922,2.67,23.465675348159255,28.154770923222344,26.936527320535617,11.915413156948143,9.52761325113465
2016-07-01 00:00:00-06:00,7.298993042315208,8.306105970239251,9.740041127258728,3.614189289189229,2.67,23.076660726238536,26.260771632493075,30.794333307387877,11.42670222364945,8.441532110231055
2016-08-01 00:00:00-06:00,8.267610003378733,8.410199843305513,10.15897284373436,3.645682539507023,2.67,24.93814546230437,25.368248741013392,30.643189799846894,10.996716275012291,8.053699721823037
2016-09-01 00:00:00-06:00,7.996790013330635,8.822556864622662,8.391820152205147,3.586371014008027,2.67,25.412823850746406,28.037010242872213,26.668181477771647,11.397049902583268,8.484934526026485
2016-10-01 00:00:00-06:00,7.827030804045001,8.819286628706307,8.394485416286981,3.1330851618653486,2.67,25.376278117979368,28.593303884350107,27.216041678401385,10.157880098506942,8.656496220762206
2016-11-01 00:00:00-06:00,10.37808783956865,9.539965387800654,8.047040666022871,3.8887446771785825,2.67,30.060642933301363,27.632979943119157,23.308649904539962,11.263940622447107,7.733786596592404
2016-12-01 00:00:00-07:00,10.100428295009566,7.3708945975516205,7.142379215855275,5.497569128496868,2.67,30.811582082991297,22.48507858124681,21.787987306034076,16.770457401622465,8.144894628105357
2017-01-01 00:00:00-07:00,9.98906410768966,6.756150207508698,7.252382672189056,5.1818361724603115,2.67,31.363396822656103,21.212780062993748,22.7708375084429,16.26979088278721,8.383194723120043
2017-02-01 00:00:00-07:00,9.119177631143382,6.802282270066067,8.229090852781393,4.21624988995011,2.67,29.38182235907631,21.916828181174075,26.51397915393025,13.584679485233,8.602690820586371
2017-03-01 00:00:00-07:00,10.395931036041853,7.104705632731053,8.597626514434376,4.065108195368397,2.67,31.66269743114279,21.638672285012415,26.18563416866923,12.381025842569882,8.131970272605693
2017-04-01 00:00:00-06:00,8.931554013249698,7.951552996201997,9.99743516803574,3.8478875064995277,2.67,26.742436988083828,23.80816425035219,29.933847976179123,11.521162949599443,7.994387835785418
2017-05-01 00:00:00-06:00,7.790961429018766,8.233955833180463,10.654097525250132,3.4958873547724187,2.67,23.720458643119436,25.06920494853842,32.43759862372798,10.643622379006855,8.129115405607322
2017-06-01 00:00:00-06:00,7.8544214465100595,8.300086350899706,12.589617232345935,2.528840322887368,2.67,23.140056753758113,24.45303839740506,37.09050491478526,7.450263395123351,7.866136538928211
2017-07-01 00:00:00-06:00,8.91872805554057,8.232338151012048,10.878449141352853,2.4205983750303273,2.67,26.928434274560832,24.85600810395504,32.84544622145874,7.30854487783372,8.061566522191665
2017-08-01 00:00:00-06:00,7.385758862964535,8.362106074844343,11.42067413847569,2.931861208589806,2.67,22.537896390522683,25.517253381564547,34.85057869051133,8.946674996652533,8.147596540748925
2017-09-01 00:00:00-06:00,7.453626573575258,8.445213093504112,11.027425241573528,2.8440677421892393,2.67,22.976418441201666,26.03306564208391,33.992947483808436,8.767073299772123,8.230495133133871
2017-10-01 00:00:00-06:00,8.128866530036625,8.098096748888057,8.711026954096091,3.772957400944428,2.67,25.903827458793305,25.805775030589178,27.758967178759452,12.02308306604726,8.508347265810809
2017-11-01 00:00:00-06:00,9.600681287926374,8.696918479008339,8.121902261187385,3.740029231856913,2.67,29.244040104922636,26.491144238816343,24.739622984164956,11.392271190957311,8.13292148113877
2017-12-01 00:00:00-07:00,8.950959405579612,8.235494240666299,7.172387772133663,3.9182127653674677,2.67,28.923461833987833,26.611561125554445,23.176318267799783,12.661020147840945,8.627638624816983
2018-01-01 00:00:00-07:00,11.9510587931602,8.313594168911605,6.7749113322590215,4.306473890628366,2.67,35.13360000414327,24.440218827681143,19.916814813709465,12.66012775271563,7.849238601750478
2018-02-01 00:00:00-07:00,8.257386946224079,8.732359830730278,5.854711167601343,4.5994762694307925,2.67,27.420485438893323,28.99773828513749,19.441867429205274,15.273581448200662,8.86632739856326
2018-03-01 00:00:00-07:00,10.405920976353928,8.400771395881007,6.0864792270531405,4.452052850241546,2.67,32.50303927357541,26.239926598435687,19.011202737772983,13.906049158768141,8.339782231447792
2018-04-01 00:00:00-06:00,9.045474784265508,7.872002396058687,6.602103097394247,3.79141443266022,2.67,30.17069604142985,26.25664182293992,22.02096081591571,12.646059509652389,8.90564181006214
2018-05-01 00:00:00-06:00,7.611321212831126,9.952115847036486,7.664431496203036,3.088697172368294,2.67,24.563293911095105,32.11751806978275,24.734691683398623,9.967858972940459,8.616637362783056
2018-06-01 00:00:00-06:00,7.449112511233558,10.886104503467635,12.172810454006882,3.2662875263051525,2.67,20.439710589299974,29.870514797595206,33.401122934187455,8.962406144146453,7.326245534770905
2018-07-01 00:00:00-06:00,11.608918326790343,9.324281205197645,13.564745955833553,2.983801448117524,2.67,28.912610814448573,23.222604037812506,33.783700563454204,7.431311650967744,6.649772933316965
2018-08-01 00:00:00-06:00,8.66348481421278,6.353386848664768,7.155295766275118,2.8512815473868,2.67,31.283516984656046,22.941840339377904,25.83750320278537,10.295870152548591,9.641269320632087
2018-09-01 00:00:00-06:00,8.50072147808181,8.272719064901679,19.720263274867346,3.3703365078612255,2.67,19.98569008019461,19.44964316004745,46.36348469098135,7.923856943878993,6.277325124897601
2018-10-01 00:00:00-06:00,11.728965227436632,8.68063055016893,15.275069758968248,2.812531869698701,2.67,28.491046188268154,21.0862800897063,37.10495423873775,6.831973140999306,6.485746342288485
2018-11-01 00:00:00-06:00,13.486465213033737,13.293990052265764,12.362488656595694,3.5767481143350692,2.67,29.712616693386636,29.288566315132602,27.23633517215296,7.880088967072287,5.882392852255515
2018-12-01 00:00:00-07:00,13.807419488123072,13.25234031369417,16.061729430633093,4.153833505555088,2.67,27.645070111072574,26.533696424810415,32.158625773402136,8.31676176635108,5.345845924363781
2019-01-01 00:00:00-07:00,12.72687630084249,12.619365762404437,17.183071696011957,4.081663703039544,2.67,25.82512960620347,25.606971314760685,34.86755454304365,8.282432519042771,5.4179120169494155
2019-02-01 00:00:00-07:00,13.280346107862007,12.386563829078503,12.051159841209605,4.091185100190109,2.67,29.85739339426086,27.847957127335572,27.093888767183643,9.197962311599708,6.002798399620207
2019-03-01 00:00:00-07:00,12.44761152775976,10.2536698166402,10.941554904061702,3.8311901943575504,2.67,31.007381747045287,25.54220571582532,27.255748547412782,9.543612173070537,6.651051816646055
2019-04-01 00:00:00-06:00,9.724787638175107,7.554297949274709,8.60584984150082,3.0849289111123532,2.67,30.735870209978742,23.875886028086775,27.1993891914509,9.750133179952226,8.438721390531363
2019-05-01 00:00:00-06:00,10.03409504046777,8.57944084690379,7.079451815296148,4.156021920578738,2.67,30.856090504351723,26.382847898205103,21.770195025359413,12.780284420494084,8.21058215158967
2019-06-01 00:00:00-06:00,10.14652025013524,8.82265851384157,9.246465213394439,3.244233698989774,2.67,29.729143322312297,25.85024944274062,27.091996347231884,9.505553256748966,7.823057630966226
2019-07-01 00:00:00-06:00,11.890796572039054,8.950485735231311,17.99695567722538,3.5092397294826565,2.67,26.413733456121275,19.882246162476775,39.977707750687976,7.7952828716412075,5.931029759072745
2019-08-01 00:00:00-06:00,9.646424017884886,9.343312441650339,17.817428115718222,3.6994439145240623,2.67,22.34178263484677,21.63975534081715,41.26639108288618,8.568166986529159,6.183903954920751
2019-09-01 00:00:00-06:00,7.965820729592673,9.321950126358812,13.759059672806165,3.4992025149148236,2.67,21.404271433886837,25.0482100427513,36.970785297455286,9.402405975963532,7.174327249943039
2019-10-01 00:00:00-06:00,7.935584414128518,9.162367352576192,7.792221394814319,3.80992863066677,2.67,25.29664859457118,29.207324264591676,24.8396433216399,12.14509489292066,8.511288926276576
2019-11-01 00:00:00-06:00,9.658573591895172,8.311450732755398,7.26005125218286,4.143702538520867,2.67,30.141806490874153,25.93779891632951,22.656664348527897,12.931379450962261,8.332350793306194
2019-12-01 00:00:00-07:00,11.29267134454437,8.582545777182775,7.278393014987952,4.17826708875848,2.67,33.21190553586291,25.24138805710671,21.405856408231234,12.288342379014882,7.852507619784255
2020-01-01 00:00:00-07:00,10.029613965772041,8.055219679271469,5.613649726384514,4.054160842787471,2.67,32.96759445086477,26.47771055846464,18.45220844991982,13.326129097263333,8.77635744348743
2020-02-01 00:00:00-07:00,8.551274829961693,7.466837792077765,5.050158875402621,4.756598769272784,2.67,30.009874584165136,26.204147350689468,17.723045685530845,16.69282479530715,9.370107584307386
2020-03-01 00:00:00-07:00,11.927216619763588,8.772544785595223,7.75396269768282,3.4615156902873436,2.67,34.486436095389415,25.36499627591805,22.4198610274735,10.008650253612014,7.720056347607013
2020-04-01 00:00:00-06:00,9.656675237932747,8.525401655474772,8.001155761470883,2.3111636703619816,2.67,30.98624191899299,27.35622267956449,25.67402775259491,7.4160386302434,8.567469018604214
2020-05-01 00:00:00-06:00,9.081471300032021,9.260224815630938,9.450129988376306,2.406620857172893,2.67,27.629754794161727,28.173600129506788,28.751373618377357,7.321979222239891,8.123292235714239
2020-06-01 00:00:00-06:00,8.0779943369293,9.228931027080746,14.46468120650022,2.8538189022241247,2.67,21.65947762905906,24.745477253846452,38.78406271856298,7.651927457726602,7.159054940804897
2020-07-01 00:00:00-06:00,9.389091231044853,9.394993474809967,19.213410738721272,2.41231956830739,2.67,21.79464147707446,21.80834219459924,44.59956648601043,5.599651640996973,6.1977982013188955
2020-08-01 00:00:00-06:00,5.2474297308343,6.360898005785044,8.384664129517935,3.4418671338797955,2.67,20.10135251383992,24.36672040933407,32.11917034109416,13.184775806977328,10.227980928754501
2020-09-01 00:00:00-06:00,3.700655932434179,4.985223175651241,1.9513546296296296,3.7984277284889867,2.67,21.634100147168418,29.14370301026146,11.407653737828005,22.205675799170987,15.608867305571122
2020-10-01 00:00:00-06:00,9.76314967009555,9.158635974551279,9.10517663127613,3.1833248402122436,2.67,28.816608420788537,27.032344629067666,26.874555696843156,9.395802430187235,7.880688823113411
2020-11-01 00:00:00-06:00,11.853160749561813,8.445545809752874,8.533935832462557,3.4757417730663436,2.67,33.88710208482215,24.14504274969169,24.397741737424017,9.936827718187667,7.633285709874469
2020-12-01 00:00:00-07:00,13.396232912155007,8.792545789445764,8.343711143238865,3.4928020519084297,2.67,36.50668033885344,23.960964295326832,22.73782469619293,9.518392881943424,7.27613778768337
2021-01-01 00:00:00-07:00,14.736067876268994,8.60540882835732,8.572364734216855,4.137951983523183,2.67,38.05626386033348,22.223683532660683,22.138346333063474,10.68636449347161,6.895341780470746
2021-02-01 00:00:00-07:00,13.325906290998367,8.016855623365107,7.1679642512492,4.82632955067995,2.67,37.00915286158376,22.264679696478506,19.90711017231495,13.403843926333895,7.415213343288903
2021-03-01 00:00:00-07:00,12.624618796706113,8.61727318438496,8.11421139770009,4.2317122443405495,2.67,34.81902751100062,23.766663921384506,22.379206409013225,11.671172605447328,7.363929553154319
2021-04-01 00:00:00-06:00,12.243521036763319,9.381834795831827,9.416969787994736,3.995167990573482,2.67,32.46972912869129,24.88055794048936,24.973735685277223,10.595156580204804,7.0808206653373045
2021-05-01 00:00:00-06:00,8.863597606886888,9.275875646766599,10.40260582434764,1.9696709064813651,2.67,26.712266866672092,27.954751184324156,31.350383355948498,5.936006712733613,8.046591880321657
2021-06-01 00:00:00-06:00,10.069663439055502,9.150823259390428,16.665400591610986,2.836758101756437,2.67,24.32718021218108,22.107365143664577,40.26174320065824,6.8532901797030155,6.450421263793092
2021-07-01 00:00:00-06:00,9.496978965927626,5.428885180736831,10.989645827417307,2.972600150391364,2.67,30.093623884539188,17.202820952598053,34.823523284732126,9.419449195996467,8.460582682134158
2021-08-01 00:00:00-06:00,10.606259565762201,8.97911286933581,20.98076995573681,2.2767184869368116,2.67,23.30387358915131,19.72873753959331,46.09855225775044,5.002362943193394,5.866473670311553
2021-09-01 00:00:00-06:00,7.827648300402992,7.335795147475409,12.948726942292687,2.913319348611254,2.67,23.230552103813583,21.770851839058338,38.42866520912783,8.646021681822075,7.9239091661781735
2021-10-01 00:00:00-06:00,3.6154307348222003,4.2307126311213485,1.3924350206548815,4.482215061714163,2.67,22.05769199778674,25.811518182220116,8.49522645164094,27.345930969410148,16.289632398942054
2021-11-01 00:00:00-06:00,3.9256596103525285,4.7263301760342795,1.852495260266631,4.078078449547931,2.67,22.75406556954201,27.394944392321246,10.73750727348147,23.637521754061844,15.475961010593439
2021-12-01 00:00:00-07:00,8.148232610181054,6.422581140712,6.696728294483205,3.7964987216434167,2.67,29.3798969960073,23.157754741420522,24.146240898465518,13.688949091609024,9.62715827249763
2022-01-01 00:00:00-07:00,14.27778968641486,9.542211139261356,10.428743213927854,3.4751379621778917,2.67,35.3464162859737,23.622911852939524,25.81763053491069,8.603129459121032,6.60991186705505
2022-02-01 00:00:00-07:00,14.791720458714963,9.32068015881418,12.405299232847705,3.9534034873424613,2.67,34.28683856998669,21.60510380517988,28.755173774152066,9.163890539363893,6.188993311317455
2022-03-01 00:00:00-07:00,11.95162029670714,8.089042774069233,12.799721115776622,3.3516657197711774,2.67,30.75396260752114,20.814760913455753,32.93629941454445,8.624521166151217,6.8704558983274335
2022-04-01 00:00:00-06:00,10.280531920411713,9.409247903465541,18.601890014650746,2.669193861919671,2.67,23.562522142568156,21.565577908486368,42.63470497023391,6.117673673034083,6.119521305677487
2022-05-01 00:00:00-06:00,11.571596982393201,9.43601961567112,23.437042500298013,2.363769713971159,2.67,23.387155292022424,19.07097667038085,47.36820279639893,4.7773742431003425,5.3962909980974345
2022-06-01 00:00:00-06:00,9.94820913363294,8.48959905806191,27.694031351612896,1.8690136866667524,2.67,19.63300102424177,16.754403205983238,54.65475630718293,3.6885380204356446,5.269301442156401
2022-07-01 00:00:00-06:00,16.104822680643604,9.194468867300785,32.79527090552908,1.952402168964838,2.67,25.678574812406925,14.66025806996927,52.29090901155615,3.113036768788911,4.257221337278736
2022-08-01 00:00:00-06:00,12.94327330386233,9.235425575447932,39.666392141256836,1.9168607806297455,2.67,19.483505983078977,13.902083748925085,59.70980991189574,2.885450041218285,4.019150314881907
2022-09-01 00:00:00-06:00,8.404875031220891,9.251892701996034,32.37717322821495,1.9267997514458512,2.67,15.38488206739556,16.93532355825289,59.26548460761196,3.526951541024338,4.887358225715251
2022-10-01 00:00:00-06:00,9.845785361109211,9.14631254091101,20.538604763415186,2.697225351533946,2.67,21.929264435962295,20.371346618610385,45.74510600055427,6.0074606349640876,5.946822309908962
2022-11-01 00:00:00-06:00,15.295255115322592,9.359782389163628,16.74005876787177,3.8108870257160308,2.67,31.947657388246054,19.550057762552857,34.965462043147625,7.959913850728863,5.5769089553246
2022-12-01 00:00:00-07:00,11.462970377051741,8.82810000955311,16.536737003491833,3.8838127793803783,2.67,26.423564477928352,20.34986239579057,38.11922408358308,8.952668812754476,6.154680229943531
2023-01-01 00:00:00-07:00,7.988136802686369,9.230639668779192,32.62472039105254,4.705839505791023,2.67,13.960554787403284,16.132028532039342,57.0169499713417,8.224211961321082,4.666254747894589
2023-02-01 00:00:00-07:00,7.595714295876842,10.797109852013932,33.488728641455666,4.239506964667671,2.67,12.91984585353256,18.365224061600166,56.96228096852624,7.211142276404036,4.541506839937001
2023-03-01 00:00:00-07:00,6.985691313493749,13.571089471205548,34.215992290532036,4.359333854247313,2.67,11.303322266124367,21.958943061101934,55.363795816177166,7.0536977958076355,4.320241060788902
2023-04-01 00:00:00-06:00,9.865712339725162,14.791624263338651,29.46851643221483,3.319096337385703,2.67,16.411412539941903,24.605567197008643,49.02027988002406,5.5212494928839995,4.441490890141397
2023-05-01 00:00:00-06:00,23.233464858016678,9.6637450132832,40.56198527849688,2.8667038760209724,2.67,29.41097594246434,12.23322366408522,51.346950637577095,3.628927465062542,3.3799222908107933
2023-06-01 00:00:00-06:00,29.46874903314236,9.233264674383417,42.634714514196645,2.2303507301717205,2.67,34.171784795239866,10.706838388547498,49.4389594735458,2.5863013419272733,3.0961160007395576
2023-07-01 00:00:00-06:00,44.36999764984965,8.233489468810522,47.015371884540166,1.3828157958823704,2.67,42.79857322247315,7.941889127157588,45.350257894122656,1.3338414745997773,2.5754382816468446
2023-08-01 00:00:00-06:00,39.145780178711725,9.348055961715469,36.217103542430806,2.6933168017024904,2.67,43.4594541287406,10.378166111554645,40.20805161865392,2.990107170259183,2.9642209707916503
2023-09-01 00:00:00-06:00,29.086612623628096,9.60898905892559,38.696530269846875,3.4133074180316907,2.67,34.844515755769514,11.511157211505713,46.3567853750687,4.0889960493465995,3.1985456083094754
2023-10-01 00:00:00-06:00,12.99087845022326,9.922863715701858,36.120603859224204,3.217022729274876,2.67,20.010173382763085,15.284433933050195,55.637465063092485,4.955260172415335,4.112667448678903
2023-11-01 00:00:00-06:00,8.472023325127916,8.918031563714509,40.47834282252207,3.3080072972575802,2.67,13.269381923671064,13.967946296287446,63.399564653727516,5.18119586656579,4.181911259748191
2023-12-01 00:00:00-07:00,6.609315719470126,9.139386103760062,44.238787812157916,3.164075748709592,2.67,10.041261827946313,13.885093814508567,67.21017276633454,4.807050288527511,4.056421302683063
2024-01-01 00:00:00-07:00,9.379323403172696,8.900772247533077,44.702982967635805,4.107389139114256,2.67,13.445040872981037,12.759048976677455,64.08068122917373,5.887846327801131,3.8273825933666226
2024-02-01 00:00:00-07:00,3.985069579481072,16.480647018458715,47.65248916960155,4.7358547525371355,2.67,5.276556308067705,21.821717350694147,63.09577218366441,6.270656953459332,3.5352972041143973
2024-03-01 00:00:00-07:00,4.283376037991713,33.65495001717471,44.03481432292369,3.653737743835862,2.67,4.851107002987074,38.11567377354136,49.87131511276945,4.138014640552237,3.0238894701498884
2024-04-01 00:00:00-06:00,6.030318104414136,187.20682153306436,27.248262047973434,3.3687019469044777,2.67,2.6621088033091653,82.643223626611,12.028857684918492,1.4871273709449508,1.1786825142163904
2024-05-01 00:00:00-06:00,8.835125003874797,188.44373600454068,32.2001536239214,3.302593274243571,2.67,3.7524165081855325,80.03501767518574,13.67591154301965,1.402663291878615,1.1339909817304663
2024-06-01 00:00:00-06:00,26.104940817257102,181.93135323471313,39.961810837676055,2.651972471233814,2.67,10.305121129450773,71.81876585942041,15.775224472534171,1.046886018219476,1.0540025203751673
2024-07-01 00:00:00-06:00,20.86927495189611,165.19576875260603,41.125880143493845,2.6629553758045263,2.67,8.975110436640259,71.04464681393335,17.686734059649353,1.1452395275246008,1.148269162252436
2024-08-01 00:00:00-06:00,23.827597435349343,164.2226926104997,39.087769082860135,3.3430793757384323,2.67,10.219807455452253,70.43615298810431,16.764991727507475,1.433867918116411,1.1451799108195506
2024-09-01 00:00:00-06:00,13.006652083347033,180.14437835367067,41.75209136916704,2.8583356426958373,2.67,5.409713113814338,74.9254611959303,17.36548611907166,1.1888359672334323,1.110503603950279
2024-10-01 00:00:00-06:00,5.802997443010864,182.63487679508177,38.78751662028836,3.308773707078088,2.67,2.4883764206457797,78.31544395246733,16.632428795842078,1.4188313117149907,1.14491951932983
2024-11-01 00:00:00-06:00,3.4795887639606367,193.2418863241591,37.94254190771478,3.986672002916955,2.67,1.44189409469929,80.07680034642985,15.722871530468357,1.6520224683005034,1.1064115601020077
2024-12-01 00:00:00-07:00,3.4854187033472463,163.05999420126227,37.901926967026476,4.224748441384702,2.67,1.6491834310754805,77.15452965514027,17.933922802394946,1.999009508757853,1.263354602631464
2025-01-01 00:00:00-07:00,5.205040391697932,111.20219412284189,42.279313732046354,5.261801236514813,2.67,3.1239298719771837,66.7406647994196,25.374944514340225,3.157996254817351,1.6024645594456575
2025-02-01 00:00:00-07:00,5.743292630137491,117.48225905494755,39.90020186086285,4.8847367863749325,2.67,3.3649379720875157,68.83168593329219,23.377131026033098,2.8619186509624646,1.56432641762476
2025-03-01 00:00:00-07:00,6.182272298482992,117.05214430549555,37.29906118246693,3.958449432745172,2.67,3.698373428284602,70.02320818664123,22.313131825501532,2.3680328999525506,1.597253659620094
2025-04-01 00:00:00-06:00,11.179988558325062,117.45029309034496,32.463922179938216,4.227708351011008,2.67,6.655075481473934,69.91425454147192,19.32469352764278,2.516614220386208,1.5893622290251688
2025-05-01 00:00:00-06:00,15.925010840984216,110.18825099725471,35.280413763731346,3.5380508898359717,2.67,9.501698564998232,65.74410258395615,21.05014936433614,2.1109871383150347,1.593062348394443
2025-06-01 00:00:00-06:00,19.80834166718626,118.96922423455135,28.02370875600652,3.0819175761082263,2.67,11.47955677362436,68.94640585571929,16.240620294075725,1.7860681313455296,1.5473489452350948
2025-07-01 00:00:00-06:00,26.038052085157428,94.58389924937677,36.92130594836038,2.9934747634307897,2.67,15.954030669376229,57.953430023051766,22.622416051980295,1.8341613277209103,1.635961927870803
2025-08-01 00:00:00-06:00,34.097444577495914,95.32108336680135,43.5202349696533,2.661678708611138,2.67,19.126807712569544,53.46993169435085,24.412479474188633,1.4930566640130425,1.4977244548779352
