year,pue_all_hours,pue_excl_meter_faults,hours_excluded
2016,1.0381965579388892,1.0381965579388892,0
2017,1.0357032919699543,1.0357032919699543,0
2018,1.0334122021830228,1.0334122021830228,0
2019,1.0318972106403106,1.031945665585174,56
2020,1.0311559043021947,1.033157755077365,1060
2021,1.026523960850947,1.0317417328718197,2349
2022,1.0403683998704947,1.0404346245580134,180
2023,1.0350654581072574,1.0353119883867477,128
2024,1.0716425234434361,1.0716425234434361,0
2025,1.0660153921366564,1.0660153921366564,0
