ts,it_mwh,facility_mwh,valid_hours,overhead_mwh,pue,coverage_pct
2016-06-01 00:00:00-06:00,364.0831967677296,376.86205300284183,456,12.778856235112244,1.0350987256444704,63.333333333333336
2016-07-01 00:00:00-06:00,550.7972530545223,572.5266023722469,687,21.72934931772454,1.039450722016534,92.33870967741936
2016-08-01 00:00:00-06:00,561.450872229,583.9945485853493,680,22.54367635634935,1.0401525359945551,91.39784946236558
2016-09-01 00:00:00-06:00,563.2645564225448,585.8897162763006,719,22.625159853755804,1.040167909725147,99.86111111111111
2016-10-01 00:00:00-06:00,637.8276815589369,660.7755342390492,744,22.947852680112305,1.035978138521716,100.0
2016-11-01 00:00:00-06:00,625.2029770013916,649.7149023864969,710,24.511925385105314,1.0392063478370974,98.47434119278779
2016-12-01 00:00:00-07:00,664.3823717489659,688.7716375492295,744,24.389265800263615,1.0367096823114972,100.0
2017-01-01 00:00:00-07:00,578.1178471831336,598.2785383733172,633,20.160691190183684,1.0348729783873931,85.08064516129032
2017-02-01 00:00:00-07:00,429.12221436941286,443.2734401886628,456,14.15122581924993,1.0329771457766288,67.85714285714286
2017-03-01 00:00:00-07:00,90.28866832741274,93.34217186562029,93,3.0535035382075506,1.0338193440525079,12.516823687752355
2017-04-01 00:00:00-06:00,467.31190320263505,485.2792210851169,538,17.967317882481836,1.0384482350210773,74.72222222222223
2017-05-01 00:00:00-06:00,674.1096399039869,698.5462470977999,744,24.43660719381296,1.0362501969224078,100.0
2017-06-01 00:00:00-06:00,644.9541177406152,669.1554520370497,713,24.20133429643454,1.0375241178104513,99.02777777777777
2017-07-01 00:00:00-06:00,659.0163928784917,683.6577574883561,744,24.641364609864354,1.0373911254350356,100.0
2017-08-01 00:00:00-06:00,675.2156418704304,699.5312788818072,742,24.315637011376793,1.0360116613175896,99.73118279569893
2017-09-01 00:00:00-06:00,695.5342447383808,718.8912842469872,720,23.357039508606363,1.0335814371259202,100.0
2017-10-01 00:00:00-06:00,677.1907540079055,699.8800704014075,723,22.68931639350194,1.0335050593340456,97.1774193548387
2017-11-01 00:00:00-06:00,653.4390108176643,677.1091028561093,721,23.670092038444977,1.036223873455039,100.0
2017-12-01 00:00:00-07:00,618.3398465117473,640.7145666865964,723,22.37472017484913,1.036185150125893,97.1774193548387
2018-01-01 00:00:00-07:00,477.84554836076796,496.146176904276,538,18.300628543508026,1.0382982087126011,72.31182795698925
2018-02-01 00:00:00-07:00,467.46508411607255,483.9140054739014,546,16.44892135782885,1.0351874865455075,81.25
2018-03-01 00:00:00-07:00,292.8702490877193,303.915501522807,345,11.045252435087718,1.03771380831441,46.433378196500676
2018-04-01 00:00:00-06:00,382.5820493796953,395.71902282890716,439,13.136973449211837,1.034337662915737,60.97222222222222
2018-05-01 00:00:00-06:00,534.8336479036275,553.9242642425296,616,19.090616338902123,1.0356944938182762,82.79569892473118
2018-06-01 00:00:00-06:00,331.2117657327613,345.3157156358314,387,14.103949903070088,1.0425828770661785,53.75
2018-07-01 00:00:00-06:00,665.5893669290779,695.1009009269931,735,29.511533997915194,1.0443389505064913,98.79032258064517
2018-08-01 00:00:00-06:00,206.9614912355457,213.54209659948617,237,6.580605363940464,1.031796279223998,31.85483870967742
2018-09-01 00:00:00-06:00,706.9819730478146,730.248093105979,547,23.26612005816446,1.0329090711575908,75.97222222222223
2018-10-01 00:00:00-06:00,1174.7117529394513,1205.0931446252803,738,30.38139168582893,1.0258628481496046,99.19354838709677
2018-11-01 00:00:00-06:00,1072.164974544696,1104.890942502818,721,32.725967958122055,1.0305232578335433,100.0
2018-12-01 00:00:00-07:00,1212.5239767355247,1249.3836249161725,738,36.85964818064781,1.0303991087086666,99.19354838709677
2019-01-01 00:00:00-07:00,943.885142755165,979.6640004162302,726,35.77885766106522,1.037905944315034,97.58064516129032
2019-02-01 00:00:00-07:00,781.6662183096952,809.6436696281711,629,27.977451318475914,1.0357920691250742,93.60119047619048
2019-03-01 00:00:00-07:00,979.2844426472869,1009.1114542943016,743,29.827011647014615,1.0304579653755999,100.0
2019-04-01 00:00:00-06:00,842.4912486197394,865.2719509445848,720,22.78070232484538,1.0270396901595917,100.0
2019-05-01 00:00:00-06:00,899.8827023226237,923.9792884534493,741,24.096586130825585,1.0267774745182139,99.59677419354838
2019-06-01 00:00:00-06:00,932.9686750647973,957.0984985819846,707,24.129823517187333,1.0258634873411066,98.19444444444444
2019-07-01 00:00:00-06:00,887.5147546626864,921.0077580818863,744,33.49300341919991,1.0377379680092524,100.0
2019-08-01 00:00:00-06:00,823.022266057555,855.1456627739495,744,32.123396716394495,1.0390310178001285,100.0
2019-09-01 00:00:00-06:00,838.1597163576109,864.955260149055,720,26.79554379144406,1.0319694961097503,100.0
2019-10-01 00:00:00-06:00,784.7407387678845,807.8918738905177,738,23.15113512263315,1.029501635354095,99.19354838709677
2019-11-01 00:00:00-06:00,776.2010926562746,799.2405691212142,719,23.03947646493964,1.0296823551047771,99.72260748959778
2019-12-01 00:00:00-07:00,808.5877266935005,833.8851233492528,744,25.297396655752323,1.0312859023463035,100.0
2020-01-01 00:00:00-07:00,762.2611429041215,784.8651675552835,743,22.604024651162035,1.0296539117356074,99.86559139784946
2020-02-01 00:00:00-07:00,580.3618433580657,600.1942730636993,696,19.832429705633558,1.0341725251799463,100.0
2020-03-01 00:00:00-07:00,799.2074350609053,824.9042682273487,743,25.69683316644341,1.0321528955301638,100.0
2020-04-01 00:00:00-06:00,739.8288074187682,762.2671727729412,720,22.438365354173015,1.0303291317250265,100.0
2020-05-01 00:00:00-06:00,804.2116490704722,828.6657736096139,744,24.45412453914173,1.0304075731399893,100.0
2020-06-01 00:00:00-06:00,793.3232849315383,820.175991271907,720,26.85270634036874,1.0338483778938696,100.0
2020-07-01 00:00:00-06:00,769.2671392430799,801.3185216126651,744,32.05138236958521,1.0416648271251028,100.0
2020-08-01 00:00:00-06:00,736.7261226340775,755.7565648450899,729,19.030442211012428,1.0258310946583125,97.98387096774194
2020-09-01 00:00:00-06:00,710.7808952233806,723.0969714790475,720,12.316076255666871,1.017327528551251,100.0
2020-10-01 00:00:00-06:00,780.4044180855257,805.6113516999303,744,25.206933614404647,1.032299834586075,100.0
2020-11-01 00:00:00-06:00,736.0538490457825,759.1395825945792,660,23.085733548796725,1.0313641910557563,91.53952843273231
2020-12-01 00:00:00-07:00,802.5692932042881,829.8705903754687,744,27.301297171180636,1.0340173707147196,100.0
2021-01-01 00:00:00-07:00,661.2425995243988,688.5801856805894,706,27.337586156190582,1.041342747995748,94.89247311827957
2021-02-01 00:00:00-07:00,873.3624540934012,897.5591955347498,672,24.19674144134865,1.0277052686750385,100.0
2021-03-01 00:00:00-07:00,1006.3267292428184,1033.2662862508055,743,26.939557007987105,1.0267701892687051,100.0
2021-04-01 00:00:00-06:00,967.8831239084509,995.0325193084885,720,27.149395400037633,1.0280502828589515,100.0
2021-05-01 00:00:00-06:00,905.4667770164376,930.1539990048925,744,24.687221988454894,1.0272646358928823,100.0
2021-06-01 00:00:00-06:00,892.6330604787005,921.773482834537,704,29.140422355836563,1.03264546614508,97.77777777777777
2021-07-01 00:00:00-06:00,925.2834622656745,948.7626961982825,744,23.47923393260794,1.0253751794883657,100.0
2021-08-01 00:00:00-06:00,761.1392749083254,792.6796874966211,693,31.54041258829568,1.0414384247772452,93.14516129032258
2021-09-01 00:00:00-06:00,936.3708981855561,960.0251319821815,702,23.654233796625363,1.025261607171326,97.5
2021-10-01 00:00:00-06:00,837.6071007124652,849.8018510380099,744,12.194750325544646,1.0145590340807424,100.0
2021-11-01 00:00:00-06:00,924.8440213097667,936.9898260110925,704,12.145804701325801,1.0131328142059295,97.64216366158114
2021-12-01 00:00:00-07:00,980.1436877187649,1000.7500800086605,743,20.606392289895552,1.021023848388858,99.86559139784946
2022-01-01 00:00:00-07:00,836.2971219860053,866.3501701953311,744,30.053048209325766,1.0359358503326628,100.0
2022-02-01 00:00:00-07:00,895.456948409902,924.4477698528494,672,28.990821442947436,1.032375449757163,100.0
2022-03-01 00:00:00-07:00,796.0959994283073,822.3667451649824,676,26.270745736675053,1.0329994696061036,90.98250336473755
2022-04-01 00:00:00-06:00,872.4542618144242,899.9417059457062,630,27.487444131282018,1.0315058855625474,87.5
2022-05-01 00:00:00-06:00,910.46624172312,942.8251341663861,654,32.358892443266086,1.0355410129012852,87.90322580645162
2022-06-01 00:00:00-06:00,829.7945078327122,863.6426377903351,668,33.84812995762297,1.0407909785351903,92.77777777777777
2022-07-01 00:00:00-06:00,454.1551554905503,476.73326275462813,360,22.5781072640778,1.0497145237505678,48.38709677419355
2022-08-01 00:00:00-06:00,723.5129684260512,765.0329383017993,625,41.519969875748075,1.0573866284194902,84.00537634408602
2022-09-01 00:00:00-06:00,791.0555513641776,830.3896846774496,720,39.33413331327199,1.0497236044237857,100.0
2022-10-01 00:00:00-06:00,755.9997871063508,788.994147420958,735,32.994360314607206,1.0436433460396803,98.79032258064517
2022-11-01 00:00:00-06:00,811.2901596995589,845.8087436574702,721,34.518583957911346,1.0425477661046627,100.0
2022-12-01 00:00:00-07:00,520.0853542729193,541.3857297761325,491,21.300375503213218,1.0409555380250828,65.99462365591398
2023-01-01 00:00:00-07:00,869.6068188167133,912.1780050747352,744,42.57118625802195,1.0489545221321392,100.0
2023-02-01 00:00:00-07:00,446.0672627510085,468.819402875812,387,22.752140124803475,1.0510060746993297,57.589285714285715
2023-03-01 00:00:00-07:00,857.6940507561754,903.1185993493422,735,45.42454859316672,1.052961249472488,98.92328398384926
2023-04-01 00:00:00-06:00,1003.6701675254858,1045.51017228886,696,41.84000476337428,1.041687006466008,96.66666666666667
2023-05-01 00:00:00-06:00,1257.025692964119,1314.9296869500433,733,57.903993985924444,1.046064288351485,98.52150537634408
2023-06-01 00:00:00-06:00,1265.7028236649119,1326.9311497207566,710,61.22832605584472,1.0483749620456362,98.61111111111111
2023-07-01 00:00:00-06:00,1443.3476500516394,1520.479376102157,744,77.1317260505175,1.0534394648771956,100.0
2023-08-01 00:00:00-06:00,1391.234994420029,1458.1601669880577,743,66.92517256802876,1.0481048657031002,99.86559139784946
2023-09-01 00:00:00-06:00,2035.3680261582886,2090.712242460885,663,55.34421630259658,1.0271912575963265,92.08333333333333
2023-10-01 00:00:00-06:00,2135.932732120609,2178.456228654757,655,42.52349653414785,1.0199086309670107,88.03763440860214
2023-11-01 00:00:00-06:00,2127.065891691952,2168.502208542548,649,41.436316850596086,1.0194805045825994,90.01386962552012
2023-12-01 00:00:00-07:00,2393.705710950997,2442.6769555967653,744,48.971244645768365,1.0204583397289522,100.0
2024-01-01 00:00:00-07:00,2202.161184080935,2250.644709172367,695,48.48352509143206,1.0220163380600438,93.41397849462365
2024-02-01 00:00:00-07:00,1924.5018940696307,1977.0666401916053,696,52.56474612197462,1.0273134291444208,100.0
2024-03-01 00:00:00-07:00,2642.9206895785137,2707.2008168512757,728,64.280127272762,1.0243216255131036,97.98115746971736
2024-04-01 00:00:00-06:00,1811.1131603201945,1954.41462570871,632,143.30146538851545,1.0791234189713361,87.77777777777777
2024-05-01 00:00:00-06:00,2449.5625029917383,2624.738499274234,744,175.17599628249582,1.071513176768728,100.0
2024-06-01 00:00:00-06:00,2131.2835008569295,2313.673956556763,720,182.39045569983364,1.085577754262396,100.0
2024-07-01 00:00:00-06:00,1856.4134994423198,2029.4112655848273,744,172.99776614250754,1.0931892416180324,100.0
2024-08-01 00:00:00-06:00,1640.2685192382344,1799.0444445597632,681,158.7759253215288,1.0967987396327443,91.53225806451613
2024-09-01 00:00:00-06:00,1763.530033441545,1935.4385255174946,715,171.90849207594965,1.0974797643454184,99.30555555555556
2024-10-01 00:00:00-06:00,1493.3332371514305,1654.0109065370318,689,160.67766938560135,1.107596660536464,92.60752688172043
2024-11-01 00:00:00-06:00,1876.9561644843504,2050.94838125245,721,173.99221676809952,1.0926991370711632,100.0
2024-12-01 00:00:00-07:00,1403.4939536325542,1560.7324673374417,744,157.2385137048875,1.1120336238698565,100.0
2025-01-01 00:00:00-07:00,1866.9901543774188,1990.9542063928461,744,123.96405201542734,1.06639780703973,100.0
2025-02-01 00:00:00-07:00,1780.4850490839242,1895.1823385872449,672,114.69728950332069,1.0644191253177517,100.0
2025-03-01 00:00:00-07:00,1910.377895465296,2034.5792073891544,743,124.20131192385838,1.06501400179445,100.0
2025-04-01 00:00:00-06:00,1874.9581930807171,1995.9123698500432,720,120.95417676932607,1.0645103326653849,100.0
2025-05-01 00:00:00-06:00,1900.172566315697,2024.8682508256009,744,124.69568450990391,1.0656233474371648,100.0
2025-06-01 00:00:00-06:00,1553.658195030485,1661.591838958633,624,107.93364392814783,1.0694706495118316,86.66666666666667
2025-07-01 00:00:00-06:00,1810.4095480603833,1925.633500885089,706,115.22395282470575,1.0636452414582949,94.89247311827957
2025-08-01 00:00:00-06:00,1713.066206175475,1832.685672504214,671,119.61946632873901,1.069827696032716,100.0
