outdoor_temp_c,pue,hours,overhead_kw_mean
"(-25, -20]",1.0288237954419388,102,53.819508056317034
"(-20, -15]",1.0405906994917113,296,70.94740605234787
"(-15, -10]",1.0427976215752937,596,68.83539887792281
"(-10, -5]",1.0381265900848433,1767,61.302064927140414
"(-5, 0]",1.0426050134422917,5086,68.96418859392116
"(0, 5]",1.045077251418952,7074,76.96220090769349
"(5, 10]",1.044660994356749,7808,78.31404377534523
"(10, 15]",1.0471941917480956,7325,86.28032610476008
"(15, 20]",1.0540345226388517,7260,99.13059080716256
"(20, 25]",1.0581764185169027,6752,101.78054358482402
"(25, 30]",1.0621347151342924,3928,107.02479614022305
"(30, 35]",1.0632969188628003,1739,109.59626729340327
"(35, 40]",1.063619710495295,130,122.03703598900756
